framework,category,row_count,mode,instrumentation_enabled,warmup_runs,measured_runs,mean_ms,median_ms,minimum_ms,maximum_ms,standard_deviation_ms,p90_ms,preparation_ms,alignment_ms,decision_ms,controller_ms,policy_ms,session_ms,setup_ms,position_ms,diagnostics_ms,normalization_ms,serialization_ms,manifest_ms,memory_bytes,repeated_indicator_calculations
adx_trend_following,trend_following,1000,stateless,False,1,5,297.60460001416504,296.3140000356361,286.15000005811453,311.6876999847591,8.17816540408835,306.21674000285566,1.168380002491176,6.070059956982732,187.1619189390913,0.0,0.0,0.0,0.0,0.0,17.461520084179938,19.826501118950542,17.885521100834012,0.0090999994426965,1695028,0
aroon_trend,trend_following,1000,stateless,False,1,5,329.3864599894732,335.4391000466421,309.8539999919012,343.4549999656156,11.83055349216146,340.2953599812463,1.3211000012233851,6.451860000379384,212.98943953588605,0.0,0.0,0.0,0.0,0.0,18.90311995521188,20.98882037680596,18.907600385136902,0.0089199980720877,1687031,0
atr_volatility_breakout,breakout,1000,stateless,False,1,5,303.9964399999008,297.97279997728765,281.9955999730155,326.1631999630481,15.758277720556162,322.59379997849464,1.1865399312227964,6.484680040739477,190.75247964356092,0.0,0.0,0.0,0.0,0.0,18.300401442684237,20.63407963141799,18.604339635930955,0.0079000368714332,1699028,0
bollinger_mean_reversion,mean_reversion,1000,stateless,False,1,5,177.13681999593973,175.6218000082299,173.55279996991158,184.13099995814264,3.708709193578344,181.43743998371065,1.0543400421738625,5.766339995898306,77.43200012482703,0.0,0.0,0.0,0.0,0.0,14.975420013070108,17.51594073139131,15.696000680327414,0.0066600041463971,1700025,0
bollinger_squeeze_breakout,breakout,1000,stateless,False,1,5,309.19873998500407,309.3634999822825,301.7788000870496,315.91230002231896,4.482455121245867,313.4486199822277,1.1742199771106243,5.967319989576936,191.2749000824988,0.0,0.0,0.0,0.0,0.0,18.889760063029826,21.590079669840637,19.4939797045663,0.0087999738752841,1702028,0
cci_trend_pullback,momentum,1000,stateless,False,1,5,436.3753200275824,429.741199943237,414.8400000995025,466.7484000092372,18.184686926787897,458.360160025768,1.2699600076302886,6.079400004819036,310.9753789380193,0.0,0.0,0.0,0.0,0.0,23.40708018746227,24.00678053963929,22.02074052765965,0.0081400154158473,1694043,0
chandelier_exit_trend,trend_following,1000,stateless,False,1,5,314.73294000606984,313.22679994627833,296.61880002822727,330.2917000837624,11.505012369684094,327.42786002345383,1.1316600255668163,6.031679990701377,204.85537985805425,0.0,0.0,0.0,0.0,0.0,17.718940158374608,19.88127955701202,17.913739546202123,0.0083999941125512,1697031,0
connors_rsi_mean_reversion,mean_reversion,1000,stateless,False,1,5,260.8772800071165,258.0450000241399,248.0166000314057,276.0146000655368,10.73569988509243,273.79708003718406,1.1169800302013757,5.696640023961663,156.96281956043094,0.0,0.0,0.0,0.0,0.0,16.418899805285037,17.62911989353597,15.674179885536432,0.0122400233522057,1702328,0
donchian_breakout,breakout,1000,stateless,False,1,5,239.1122000059113,236.77289998158813,232.16810007579625,252.36809998750687,6.925580237228403,246.71989995986223,1.1673999717459085,5.81480001565069,130.42485951445997,0.0,0.0,0.0,0.0,0.0,16.389480093494058,18.80859972443432,16.932059777900577,0.007759965956211,1693028,0
dual_moving_average_crossover,trend_following,1000,stateless,False,1,5,300.81040000077337,304.7736999578774,283.9570000069216,307.4369999812916,8.701570202195517,307.14592000003904,1.1061399709433315,5.8840400306507945,188.77286028582603,0.0,0.0,0.0,0.0,0.0,17.91757980827242,20.161959971301258,18.127199937589467,0.0083799706771969,1705028,0
elder_impulse_system,momentum,1000,stateless,False,1,5,331.18463999126107,331.89729996956885,317.7669999422505,342.97340002376586,8.00342992526748,338.60580001492053,1.126960013061762,6.186839961446822,219.10907961428163,0.0,0.0,0.0,0.0,0.0,17.991020483896136,20.02064073458314,18.195840716362,0.0080600148066878,1696031,0
ema_ribbon_trend,trend_following,1000,stateless,False,1,5,292.88542000576854,290.15789995901287,283.1425000913441,310.5534000787884,9.35711268165146,303.3298400230706,1.0802399832755327,5.805400013923645,183.45135902054608,0.0,0.0,0.0,0.0,0.0,17.36027996521443,19.713720097206533,17.706300085410476,0.0079999910667538,1692028,0
engulfing_confirmation_trend,price_action,1000,stateless,False,1,5,312.9311600001529,311.7119000526145,306.1372000956908,327.32059992849827,7.585946041935092,321.29771993495524,1.1070000240579247,6.18237997405231,201.95973976515236,0.0,0.0,0.0,0.0,0.0,17.48509898316115,20.093080471269783,18.19304043892771,0.0090600457042455,1704031,0
heikin_ashi_trend,trend_following,1000,stateless,False,1,5,343.46389998681843,341.1089999135584,322.11179996374995,375.5684000207111,18.13074263800427,364.096080022864,1.1668200138956308,6.242260010913014,227.5837602792308,0.0,0.0,0.0,0.0,0.0,18.6204589670524,20.59543989598751,18.55083988048136,0.0083600170910358,1693031,0
ichimoku_cloud_trading,trend_following,1000,stateless,False,1,5,246.796439983882,249.14650002028796,233.92910009715703,257.58839992340654,9.879226089200465,257.2206799173728,1.0755799943581223,7.786100008524954,134.77795915678144,0.0,0.0,0.0,0.0,0.0,16.64208008442074,20.291320071555678,18.27750012744218,0.0078799901530146,1703785,0
inside_bar_breakout,price_action,1000,stateless,False,1,5,335.7600999996066,333.90420000068843,320.846899994649,359.204399981536,13.846957955683532,352.0797199802473,1.1055199895054102,6.823480036109686,219.16353828273716,0.0,0.0,0.0,0.0,0.0,17.823000415228307,20.23968040011823,18.302700389176607,0.0079600140452384,1695028,0
keltner_channel_breakout,breakout,1000,stateless,False,1,5,309.45566000882536,312.035100068897,302.7155000017956,312.9714000970125,4.030593052295598,312.84568002447486,1.1323600308969617,5.946160014718771,197.3317610798404,0.0,0.0,0.0,0.0,0.0,18.11509970575571,20.25204007513821,18.30284006427973,0.0081399921327829,1700028,0
macd_momentum,momentum,1000,stateless,False,1,5,306.2808600254357,309.01069997344166,290.832000086084,320.00319997314364,10.774542798004711,317.7256800001487,1.0643600020557642,5.79147997777909,194.03265942819417,0.0,0.0,0.0,0.0,0.0,18.219499592669308,20.322160283103585,18.44492028467357,0.0079399906098842,1689028,0
momentum_acceleration_breakout,breakout,1000,stateless,False,1,5,317.702620010823,315.8753999741748,299.24349999055266,334.1336000012234,12.178258137039036,331.43148000817746,1.059899991378188,5.929899984039366,206.07318005058917,0.0,0.0,0.0,0.0,0.0,17.74752011988312,19.9917193967849,17.90943939704448,0.0081200152635574,1706031,0
nr4_nr7_volatility_breakout,price_action,1000,stateless,False,1,5,321.635579993017,323.8633999135345,307.88490001577884,330.1100999815389,7.7746137802787505,328.9228200213984,1.010200008749962,6.01570000872016,206.99399986770004,0.0,0.0,0.0,0.0,0.0,18.191919242963195,21.023361524567008,19.07754153944552,0.0081600155681371,1703046,0
opening_range_breakout,breakout,1000,stateless,False,1,5,309.2902000062168,312.5584999797866,298.0505999876186,319.78819996584207,9.04299250504662,318.64420000929385,3.046520031057298,5.944099999032915,186.81364057119936,0.0,0.0,0.0,0.0,0.0,18.36440076585859,20.451299473643303,18.52405946701765,0.0083600170910358,1618420,0
parabolic_sar_trend,trend_following,1000,stateless,False,1,5,292.9578799987212,292.14220005087554,277.98060001805425,314.5426999544725,13.63520402868012,308.96401999052614,1.2052200036123395,5.9588400181382895,180.67913956474516,0.0,0.0,0.0,0.0,0.0,17.63794030994177,20.272499648854136,17.983739636838436,0.0116599956527352,1695028,0
pin_bar_rejection,price_action,1000,stateless,False,1,5,382.72526001092046,374.8213000362739,360.9622999792919,411.4009999902919,18.87692313821306,405.94479998108,1.1600200086832049,6.073939963243902,259.1316800797358,0.0,0.0,0.0,0.0,0.0,19.338099099695683,25.41606130544096,23.371421289630234,0.008459948003292,1880760,0
pivot_range_breakout,breakout,1000,stateless,False,1,5,325.25629999581724,327.1203000331297,307.50640004407614,347.5742000155151,15.157396485693509,342.3520399723202,1.111820014193654,6.13718000240624,211.0574790975079,0.0,0.0,0.0,0.0,0.0,18.125119316391647,20.28448022902012,18.342940229922533,0.0083999941125512,1696031,0
price_channel_trend,trend_following,1000,stateless,False,1,5,319.03051999397576,326.53079996816814,299.7724999440834,333.04030005820096,13.914685908922968,332.2178600355983,1.369439996778965,6.579140014946461,203.6681999918073,0.0,0.0,0.0,0.0,0.0,18.02629940211773,20.282879821024835,18.22431981563568,0.0085800420492887,1695031,0
rsi_pullback_trend,momentum,1000,stateless,False,1,5,292.4863000167534,294.3987000035122,269.381899968721,312.4217999866232,14.595188317068592,307.9165200004354,1.1236400110647082,5.843220022507012,181.2737600877881,0.0,0.0,0.0,0.0,0.0,17.812640802003443,20.123798958957195,18.14461895264685,0.0077999895438551,1694028,0
stochastic_pullback_trend,momentum,1000,stateless,False,1,5,453.4032399766147,446.2284999899566,428.906699991785,487.81489999964833,20.78014387686901,478.5586199723184,1.0990799870342016,5.793479993008077,328.9419409818948,0.0,0.0,0.0,0.0,0.0,23.140860279090703,24.195879930630326,22.25205993745476,0.0077399890869855,1701043,0
supertrend_trend_following,trend_following,1000,stateless,False,1,5,322.0839599845931,315.9610000438988,300.42039998807013,350.20149999763817,20.59573239326233,347.0047799637541,1.1182999704033136,6.084539997391403,206.45147969480604,0.0,0.0,0.0,0.0,0.0,18.64614028017968,21.416900400072336,19.4124004105106,0.0079599907621741,1716933,0
support_resistance_bounce,price_action,1000,stateless,False,1,5,339.4031600095332,343.5160999651998,321.0129999788478,352.36570006236434,10.784182613846465,349.5881400536746,1.1156000196933746,6.295859976671636,219.96588001493365,0.0,0.0,0.0,0.0,0.0,19.043940701521933,21.928560524247587,19.64054054114968,0.0089199980720877,1714934,0
triple_screen_trading,multi_timeframe,1000,stateless,False,1,5,411.86633999459445,402.30049996171147,392.5806999905035,436.9558999314904,16.64929762623181,432.4556999839842,2.8214199701324105,20.14292001258582,225.94197888392955,0.0,0.0,0.0,0.0,0.0,29.19463973958045,26.17994169704616,24.2330817040056,0.0080400379374623,2300920,0
turtle_trading,trend_following,1000,stateless,False,1,5,230.25672000367197,225.0102000543848,214.6442999364808,252.11319990921768,14.38346441978077,247.94555997941643,1.0534800356253982,5.974399973638356,124.08423961605877,0.0,0.0,0.0,0.0,0.0,16.46216018125415,18.860000395216048,16.952640400268137,0.0079000135883688,1690028,0
volume_expansion_breakout,breakout,1000,stateless,False,1,5,348.8579800352454,348.49600004963577,337.03200006857514,362.3288000235334,8.083949639004707,357.2826000163332,1.376580004580319,6.736600026488304,229.5326400315389,0.0,0.0,0.0,0.0,0.0,18.730160500854254,20.912419352680445,18.858579359948635,0.0090199522674083,1701031,0
vwap_mean_reversion,mean_reversion,1000,stateless,False,1,5,292.1436399919912,289.00959994643927,281.2059000134468,306.7251000320539,9.462207941195995,303.69522001128644,1.103799999691546,5.769960000179708,182.7001197030768,0.0,0.0,0.0,0.0,0.0,17.517460300587118,19.873980106785893,17.915660119615495,0.0080999918282032,1695028,0
williams_r_reversal,mean_reversion,1000,stateless,False,1,5,430.5164800025522,424.32929994538426,414.8875999962911,459.9608000135049,17.007979722190104,451.2856000335887,1.1468600016087294,6.310080038383603,306.64498028345406,0.0,0.0,0.0,0.0,0.0,22.16889986302704,23.503860435448587,21.60376044921577,0.0083999941125512,1695043,0
zscore_mean_reversion,mean_reversion,1000,stateless,False,1,5,289.9365399964154,285.4460999369621,282.1885000448674,308.5138000315055,9.822885122538914,301.53664003591985,1.083940058015287,6.007359968498349,177.4888989282772,0.0,0.0,0.0,0.0,0.0,17.94288088567555,20.603140676394105,18.624540721066296,0.0081200152635574,1697028,0
adx_trend_following,trend_following,1000,stateful,False,1,5,328.6331200040877,336.67550003156066,306.55759992077947,345.009500044398,15.773558093539018,343.79434001166373,1.2054999824613333,5.913920025341213,194.6745992871001,0.0,0.0,0.0,0.0,0.0,19.12648007273674,23.06663985364139,18.884099856950343,0.1864199759438634,2809031,0
aroon_trend,trend_following,1000,stateful,False,1,5,354.5739799970761,361.2956000724808,331.00639993790537,371.1066999239847,15.72461729037401,369.9401399819181,1.1691800085827708,6.223219982348383,216.1510810488835,0.0,0.0,0.0,0.0,0.0,19.80445936787873,24.0067609352991,19.74050097633153,0.1856599934399128,2801037,0
atr_volatility_breakout,breakout,1000,stateful,False,1,5,326.8559800228104,323.6787999048829,305.8628001017496,349.04850006569177,17.288731405256264,347.19566002022475,1.2467999942600727,6.032960000447929,191.5545205818489,0.0,0.0,0.0,0.0,0.0,19.21713901683688,23.168761027045548,19.01648105122149,0.181660009548068,2813031,0
bollinger_mean_reversion,mean_reversion,1000,stateful,False,1,5,204.7810799907893,205.03209996968508,197.04490003641692,212.78149995487183,5.786499344419468,211.34089997503904,1.0883800452575088,5.914039979688823,80.32900008838624,0.0,0.0,0.0,0.0,0.0,16.352660208940506,20.616919524036348,16.41671950928867,0.1871400279924273,2814025,0
bollinger_squeeze_breakout,breakout,1000,stateful,False,1,5,340.4630200006068,340.3436000226065,316.4346000412479,354.2712000198662,13.827869504172444,354.09671999514103,1.2371999910101297,6.2340599950402975,197.79415999073532,0.0,0.0,0.0,0.0,0.0,20.41479975450784,23.96531905978918,19.903559051454067,0.2362800296396017,2936738,0
cci_trend_pullback,momentum,1000,stateful,False,1,5,466.23911999631673,459.28050007205456,440.5086999759078,508.8520999997854,22.789217301000644,491.12309999763966,1.1940000113099811,6.472279969602823,314.1636794200167,0.0,0.0,0.0,0.0,0.0,24.03370111715049,26.761480467393994,22.470300481654704,0.2494999673217535,2920251,0
chandelier_exit_trend,trend_following,1000,stateful,False,1,5,358.7180799804628,352.8022000100464,352.23219997715205,373.7258000764996,8.424758136057742,369.18528000824153,1.2426200089976192,6.053279992192984,216.0983793437481,0.0,0.0,0.0,0.0,0.0,20.03848059102893,24.065418890677392,19.52941888011992,0.2534599741920829,2811037,0
connors_rsi_mean_reversion,mean_reversion,1000,stateful,False,1,5,331.8031999981031,336.01890003774315,316.22429995331913,348.8920000381768,12.478089527703755,345.00644002109766,1.4466800028458238,6.343219988048077,183.57047997415063,0.0,0.0,0.0,0.0,0.0,21.72525927890092,23.394740046933293,19.041220052167773,0.2483599819242954,2926038,0
donchian_breakout,breakout,1000,stateful,False,1,5,284.35282001737505,285.1812000153586,275.39019996766,293.7675000866875,6.946078612046001,292.1249400591478,1.3691999949514866,6.179299973882735,144.74544117692858,0.0,0.0,0.0,0.0,0.0,19.27435914985836,23.73405946418643,19.04421946965158,0.2119999844580888,2807031,0
dual_moving_average_crossover,trend_following,1000,stateful,False,1,5,364.30866001173854,378.0645999358967,333.4863999625668,391.7462000390515,23.505400954125584,386.7799200350418,1.2954200152307749,6.362759997136891,211.1833588918671,0.0,0.0,0.0,0.0,0.0,21.946661034598947,25.952159613370892,21.040019625797868,0.2309399889782071,2819031,0
elder_impulse_system,momentum,1000,stateful,False,1,5,390.62038003467023,390.6304000411183,367.2601000871509,418.7633000547066,16.54708856843079,407.8067800262943,1.2258999748155477,6.160460016690195,242.41602013353256,0.0,0.0,0.0,0.0,0.0,21.875200024805963,25.34316014498472,20.9816801128909,0.2073999959975481,2810037,0
ema_ribbon_trend,trend_following,1000,stateful,False,1,5,347.81275999266654,337.1342000318691,329.69579997006804,376.3812999241054,17.87909329578303,370.2136199455708,1.350479992106557,6.549760000780225,202.805558918044,0.0,0.0,0.0,0.0,0.0,20.695099234580997,24.53788116108626,20.199821167625487,0.2085399813950061,2806031,0
engulfing_confirmation_trend,price_action,1000,stateful,False,1,5,369.05555999837816,375.2340000355616,349.5478000259027,383.0731000052765,13.556970704226988,382.2559399763122,1.1921599972993135,6.351639982312918,222.21660003997383,0.0,0.0,0.0,0.0,0.0,20.359600544907156,24.92751979734749,20.60809980612248,0.2682800404727459,2940627,0
heikin_ashi_trend,trend_following,1000,stateful,False,1,5,376.74185999203473,363.5764000937343,359.90440007299185,415.1761999819428,21.137474852177373,402.7152399532497,1.3068200089037418,6.2661799835041165,233.73369907494637,0.0,0.0,0.0,0.0,0.0,20.281578763388097,24.366380413994197,19.825200410559773,0.1987600000575184,2807037,0
ichimoku_cloud_trading,trend_following,1000,stateful,False,1,5,281.70127999037504,279.1916000423953,268.1082999333739,304.72519993782043,13.479321720970448,297.7462399750948,1.1851799674332142,5.929280002601445,142.53002086188644,0.0,0.0,0.0,0.0,0.0,19.01793975848705,24.318638746626675,19.88249875139445,0.2319600200280547,2884672,0
inside_bar_breakout,price_action,1000,stateful,False,1,5,364.4873399985954,365.22430006880313,344.0226999809965,387.8585000056773,14.137925832729826,379.2567799799144,1.2061200104653835,6.138340011239052,224.65624019969252,0.0,0.0,0.0,0.0,0.0,19.160241191275414,23.41527931857854,19.190899305976927,0.2437800168991089,2922745,0
keltner_channel_breakout,breakout,1000,stateful,False,1,5,339.126340020448,341.77329996600747,318.1952000595629,362.2711000498384,16.306772727757867,357.2329400572926,1.2137400219216945,5.950880004093051,201.699260645546,0.0,0.0,0.0,0.0,0.0,19.49884076602757,23.966598766855896,19.770158757455647,0.1929200021550059,2814031,0
macd_momentum,momentum,1000,stateful,False,1,5,331.06560001615435,328.5330000799149,324.0521000698209,341.0526999505237,5.8969270385413,338.18377999123186,1.198520022444427,6.064460007473826,194.82816024683416,0.0,0.0,0.0,0.0,0.0,19.335779594257477,23.78792057279497,18.956060567870736,0.1930799800902605,2803031,0
momentum_acceleration_breakout,breakout,1000,stateful,False,1,5,356.88489999156445,359.8080000374466,341.2897000089288,370.7860999274999,11.485887963148262,369.116219971329,1.1981600197032094,5.966360005550087,214.83315997757015,0.0,0.0,0.0,0.0,0.0,19.522019498981532,24.28483995608985,19.22639994882047,0.2772799925878644,2944623,0
nr4_nr7_volatility_breakout,price_action,1000,stateful,False,1,5,347.19491999130696,345.6292999908328,329.5686000492424,366.54910002835095,12.55765441767227,361.61381998099387,1.0527200065553188,5.841840011999011,207.95711984392256,0.0,0.0,0.0,0.0,0.0,18.770319293253124,23.715600394643843,19.65294037945569,0.2869599498808384,2938089,0
opening_range_breakout,breakout,1000,stateful,False,1,5,339.0205399831757,338.082299917005,314.70809993334115,365.5291000613943,18.64499766439349,360.6253000209108,2.964820037595928,5.745859979651868,191.93560022395104,0.0,0.0,0.0,0.0,0.0,19.768080092035238,23.74880008865148,19.57190006505698,0.2341999905183911,2849134,0
parabolic_sar_trend,trend_following,1000,stateful,False,1,5,328.61929999198765,325.6592999678105,300.6197999930009,369.1918000113219,22.54460029690628,353.1611199956387,1.2559200171381235,7.935919985175132,185.51115985028449,0.0,0.0,0.0,0.0,0.0,19.134019990451637,23.343840311281383,18.87300028465688,0.1880799885839224,2809031,0
pin_bar_rejection,price_action,1000,stateful,False,1,5,419.869099999778,413.6580000631511,410.2460999274626,448.5301000531763,14.41607130275066,435.0812199991197,1.1852200143039229,6.079259980469942,266.5554395643994,0.0,0.0,0.0,0.0,0.0,20.393060497008264,28.43841922003776,24.14863924495876,0.2772799693048,3137585,0
pivot_range_breakout,breakout,1000,stateful,False,1,5,365.87175999302417,372.14759993366897,339.3423999659717,379.3537999736145,15.11910039694467,379.2654799995944,1.13131997641176,6.331060011871159,222.06974015571177,0.0,0.0,0.0,0.0,0.0,20.377820869907737,24.447699217125773,20.032219192944467,0.2714999951422214,2924643,0
price_channel_trend,trend_following,1000,stateful,False,1,5,352.7092000003904,352.84409997984767,339.41180002875626,368.7520000385121,9.84879815559214,363.6903600068763,1.210759999230504,6.092539988458157,213.4611016605049,0.0,0.0,0.0,0.0,0.0,20.12539929710329,24.183279392309487,19.71565939020365,0.1834799768403172,2809037,0
rsi_pullback_trend,momentum,1000,stateful,False,1,5,320.43936003465205,312.84040003083646,300.39990006480366,341.3428000640124,16.7262741479966,340.52444007247686,1.185760018415749,6.09744000248611,183.3387215156108,0.0,0.0,0.0,0.0,0.0,19.14751965086907,23.254800005815923,18.989559984765947,0.2483799587935209,2920746,0
stochastic_pullback_trend,momentum,1000,stateful,False,1,5,489.32258000131696,496.2194999679923,468.70480000507087,510.22549998015165,16.758702455673987,506.5525399986655,1.1618200223892927,5.983639997430146,336.38131946790963,0.0,0.0,0.0,0.0,0.0,24.72151897381991,27.037638472393155,22.8734984761104,0.2298200037330389,2934209,0
supertrend_trend_following,trend_following,1000,stateful,False,1,5,355.3020199993625,361.8639999767765,334.61000001989305,365.8755000215024,11.349340526244076,364.4492200110108,1.1352799832820892,6.1484800186008215,211.4386992296204,0.0,0.0,0.0,0.0,0.0,19.825441762804985,24.35717978514731,20.16369979828596,0.238140020519495,2897820,0
support_resistance_bounce,price_action,1000,stateful,False,1,5,369.1897200187668,361.2297000363469,352.6090000523254,391.56509994063526,15.53075560836071,388.44977996777743,1.3149000238627195,6.23301996383816,223.3935201074928,0.0,0.0,0.0,0.0,0.0,20.23591964971274,24.66177938040346,20.292859361507,0.2889599883928895,2979751,0
triple_screen_trading,multi_timeframe,1000,stateful,False,1,5,440.48675999511033,437.9560999805108,427.1451999666169,464.7272999864072,12.760174427254649,454.1105799842626,2.9975600074976683,18.11639997176826,229.92306021042168,0.0,0.0,0.0,0.0,0.0,31.096800207160413,28.78603944554925,24.556559417396784,0.198980001732707,3414923,0
turtle_trading,trend_following,1000,stateful,False,1,5,257.4779200367629,257.5807999819517,242.1853999840096,272.24210009444505,12.140063656515697,271.1961400927976,1.2091000098735094,6.143160001374781,127.03708114568144,0.0,0.0,0.0,0.0,0.0,17.75479973293841,22.0710601657629,17.688180156983435,0.1955199753865599,2804031,0
volume_expansion_breakout,breakout,1000,stateful,False,1,5,364.16196001227945,359.05349999666214,352.4402000475675,379.8432000912726,9.757257162255144,376.09768002294,1.1851400136947632,6.167279998771846,225.88034067302945,0.0,0.0,0.0,0.0,0.0,19.56541899126023,23.36607971228659,19.18337973766029,0.2562800189480185,2934633,0
vwap_mean_reversion,mean_reversion,1000,stateful,False,1,5,328.74473999254405,329.2395999887958,309.58289990667254,361.5067000500858,18.365167587288067,349.0039800293744,1.1953999986872077,6.254299986176193,189.28378010168672,0.0,0.0,0.0,0.0,0.0,19.35488004237413,23.382039507851005,19.146879483014345,0.1859799958765506,2809031,0
williams_r_reversal,mean_reversion,1000,stateful,False,1,5,469.2272000014782,456.47830003872514,453.5617999499664,492.7546000108123,17.095777835693468,490.5686399899423,1.182500016875565,5.956219998188317,316.99460085947067,0.0,0.0,0.0,0.0,0.0,24.302360881119967,26.69361964799464,22.663219668902457,0.2247199648991227,2922245,0
zscore_mean_reversion,mean_reversion,1000,stateful,False,1,5,311.4303999813273,305.58889999520034,293.4558999259025,330.5459999246523,15.49843133028008,329.9543999833986,1.1982399970293045,6.267319992184639,177.58670046459883,0.0,0.0,0.0,0.0,0.0,18.738499679602683,23.008279339410365,18.559219338931143,0.2014399971812963,2811031,0
adx_trend_following,trend_following,1000,stateful_policy,False,1,5,338.27817998826504,338.5662999935448,317.5656999228522,353.90270000789315,12.208496230327729,350.81289999652654,1.1997200082987547,7.362359971739352,199.2547795176506,0.0,0.0,0.0,0.0,0.0,19.75981993600726,23.647680808790028,19.44122079294175,0.18994000274688,2809031,0
aroon_trend,trend_following,1000,stateful_policy,False,1,5,346.8272800091654,346.0496000479907,328.17919994704425,374.67809999361634,17.042423169427394,366.6918199975044,1.1631999630481005,6.051020044833422,212.35106091480705,0.0,0.0,0.0,0.0,0.0,19.34232024941593,23.30039839725941,19.146018382161856,0.1862999750301242,2801037,0
atr_volatility_breakout,breakout,1000,stateful_policy,False,1,5,337.3873800272122,337.332500028424,315.5084999743849,364.86940004397184,19.07696290587447,359.52156006824225,1.2067199684679508,6.371260015293956,195.5114003503695,0.0,0.0,0.0,0.0,0.0,19.912641146220267,23.98385989945382,19.5208998862654,0.209019985049963,2813031,0
bollinger_mean_reversion,mean_reversion,1000,stateful_policy,False,1,5,209.5097999786958,208.43810006044805,201.57389994710684,216.33440000005064,5.797276752434405,216.1379599943757,1.1409600032493472,6.169160036370158,82.98153905197978,0.0,0.0,0.0,0.0,0.0,17.017299495637417,21.27872013952583,17.10818016435951,0.1837799791246652,2814025,0
bollinger_squeeze_breakout,breakout,1000,stateful_policy,False,1,5,339.87559999804944,340.2187000028789,329.8394000157714,345.241199946031,5.549025313879997,345.05451996810734,1.2459600111469626,6.470979982987046,196.5219795238227,0.0,0.0,0.0,0.0,0.0,20.173240429721773,24.289339128881693,19.81941910926253,0.2449800027534366,2936738,0
cci_trend_pullback,momentum,1000,stateful_policy,False,1,5,477.0845399936661,468.4156000148505,447.7761000161991,522.202100022696,25.074001424119864,506.1715400079265,1.1600600089877844,6.131959962658584,320.6190588185564,0.0,0.0,0.0,0.0,0.0,25.07188094314188,28.035060898400843,23.101900867186487,0.2431599888950586,2920251,0
chandelier_exit_trend,trend_following,1000,stateful_policy,False,1,5,373.2774599920958,390.49150003120303,328.62980000209063,424.3241000222042,37.24774600738208,411.05782000813633,1.163700013421476,6.218099989928305,227.39239989314228,0.0,0.0,0.0,0.0,0.0,21.46892005112022,25.22298058029264,20.662500569596887,0.2073199953883886,2811037,0
connors_rsi_mean_reversion,mean_reversion,1000,stateful_policy,False,1,5,323.3284399844706,334.30449990555644,290.3400000650436,337.3771000187844,17.6449121451394,336.4349000155926,1.1822200380265713,6.488319975323975,179.6829605475068,0.0,0.0,0.0,0.0,0.0,20.43223998043686,22.838618932291865,18.523778952658176,0.2466399688273668,2926038,0
donchian_breakout,breakout,1000,stateful_policy,False,1,5,276.42457999754697,273.3025000197813,257.87159998435527,299.85209996812046,16.15357949773816,295.78989995643497,1.2924000155180693,6.292019970715046,140.46841897070408,0.0,0.0,0.0,0.0,0.0,18.748280173167583,23.30549997277558,18.65572000388056,0.2210199832916259,2807031,0
dual_moving_average_crossover,trend_following,1000,stateful_policy,False,1,5,353.9254199946299,358.7597999721765,325.68030001129955,369.24210004508495,15.398977744160366,367.5217400304973,1.2981000123545527,6.399480020627379,206.5921603469178,0.0,0.0,0.0,0.0,0.0,21.041499357670546,25.110099278390408,20.604739291593432,0.2360199810937047,2819031,0
elder_impulse_system,momentum,1000,stateful_policy,False,1,5,384.9016800057143,385.3227000217885,361.2138000316918,401.30809997208416,14.242728257860405,399.698460008949,1.2496199691668153,6.279640016146004,239.4423206569627,0.0,0.0,0.0,0.0,0.0,21.219158498570323,25.298379454761744,20.63377946615219,0.2116400049999356,2810037,0
ema_ribbon_trend,trend_following,1000,stateful_policy,False,1,5,341.77205997984856,338.1759999319911,320.77260001096874,372.0333999954164,16.654784355435,359.10563999786973,1.2615399900823832,6.567439995706081,199.60404082667085,0.0,0.0,0.0,0.0,0.0,20.49085949547589,24.32179916650057,19.931119168177247,0.2091600093990564,2806031,0
engulfing_confirmation_trend,price_action,1000,stateful_policy,False,1,5,354.9078199779615,353.66269992664456,333.04030005820096,376.97430001571774,14.02833290463475,369.5146999787539,1.0278199799358845,5.838060029782355,214.56154128536585,0.0,0.0,0.0,0.0,0.0,19.622400868684053,23.991438816301525,19.790238817222416,0.2461399883031845,2940627,0
heikin_ashi_trend,trend_following,1000,stateful_policy,False,1,5,364.35795999132097,357.0393999107182,351.61689994856715,385.7256000628695,12.697801410197842,380.1769200479612,1.1640400160104036,6.334039987996221,226.3623800361529,0.0,0.0,0.0,0.0,0.0,19.63788049761206,23.381118872202933,19.132818863727152,0.1962600043043494,2807037,0
ichimoku_cloud_trading,trend_following,1000,stateful_policy,False,1,5,275.5541200051084,266.2283000536263,260.27159998193383,307.6124000363052,17.00885185275032,295.6738799810409,1.2013199971988795,6.206720019690692,138.68798003531992,0.0,0.0,0.0,0.0,0.0,18.23413993697613,23.62230052240193,19.16444052476436,0.2778600202873349,2884672,0
inside_bar_breakout,price_action,1000,stateful_policy,False,1,5,367.7357600303367,368.84470004588366,353.71830000076443,383.8320999639109,10.811702744731624,379.88742000889033,1.2334000086411834,6.036799983121455,226.27181876450777,0.0,0.0,0.0,0.0,0.0,19.48892083019018,24.09050075802952,19.381900783628225,0.2569200238212943,2922745,0
keltner_channel_breakout,breakout,1000,stateful_policy,False,1,5,340.63701999839395,341.8697000015527,321.2068999418989,358.22920000646263,11.775366478567378,351.9186400109902,1.167579973116517,6.270659994333983,202.8668605023995,0.0,0.0,0.0,0.0,0.0,19.489940209314227,23.509318800643086,19.20995875261724,0.197919993661344,2814031,0
macd_momentum,momentum,1000,stateful_policy,False,1,5,328.3623599912971,320.65899996086955,317.49379995744675,343.22749997954816,11.21393563784564,342.25081999320537,1.1043399572372437,5.894720042124391,194.434759975411,0.0,0.0,0.0,0.0,0.0,19.10780102480203,22.97519997227937,18.825219944119453,0.1860000193119049,2803031,0
momentum_acceleration_breakout,breakout,1000,stateful_policy,False,1,5,364.9642599979416,364.4344999920577,341.36710001621395,383.894499973394,15.829918902859353,382.4526599841192,1.209559990093112,6.356879975646734,221.13733950536695,0.0,0.0,0.0,0.0,0.0,20.248278812505305,25.013840873725712,19.845820870250463,0.2586599439382553,2944623,0
nr4_nr7_volatility_breakout,price_action,1000,stateful_policy,False,1,5,358.18579997867346,365.5517000006512,333.89729994814843,375.8527999743819,14.754057092110306,371.8845599796623,1.069799973629415,6.12858000677079,215.0853595463559,0.0,0.0,0.0,0.0,0.0,19.863521168008447,24.560140632092956,20.272860676050183,0.2353599993512034,2938089,0
opening_range_breakout,breakout,1000,stateful_policy,False,1,5,352.4674799991772,355.28679995331913,338.2493000244722,370.2421999769285,12.47751166015018,366.16591999772936,3.078599995933473,6.585720018483698,197.1803796943277,0.0,0.0,0.0,0.0,0.0,20.488620549440384,24.539339425973598,20.26769944932312,0.2440199954435229,2849134,0
parabolic_sar_trend,trend_following,1000,stateful_policy,False,1,5,316.55524000525475,321.2664000457153,299.4661000557244,330.11860004626215,13.054084251856844,329.77140001021326,1.1488400166854262,5.918999994173646,182.4411203386262,0.0,0.0,0.0,0.0,0.0,18.832399882376198,22.741139982827008,18.64911997690797,0.1926399767398834,2809031,0
pin_bar_rejection,price_action,1000,stateful_policy,False,1,5,419.9625799898058,415.74900003615767,403.94699992612,446.8446000246331,15.530388591027636,438.6284000007436,1.2587999925017357,6.434480031020939,265.7550792209804,0.0,0.0,0.0,0.0,0.0,20.532840839587152,28.483879892155528,24.091939884237945,0.2598599763587117,3137585,0
pivot_range_breakout,breakout,1000,stateful_policy,False,1,5,354.30515999905765,356.0947000514716,329.6539000002668,368.09359991457313,13.212125628703172,365.9582799533382,1.0558200301602485,5.899879988282919,215.7530000898987,0.0,0.0,0.0,0.0,0.0,20.12404026463628,23.48348048981279,19.20042047277093,0.2566599752753973,2924643,0
price_channel_trend,trend_following,1000,stateful_policy,False,1,5,343.64185999147594,344.8404000373557,321.99570001102984,366.6646999772638,14.86711020036664,359.7942200023681,1.1515600141137838,6.11837999895215,207.0895396405831,0.0,0.0,0.0,0.0,0.0,19.431339064612985,23.334060446359217,19.141320418566465,0.1921599963679909,2809037,0
rsi_pullback_trend,momentum,1000,stateful_policy,False,1,5,326.1198999825865,325.1980000641197,307.87439993582666,343.9672999083996,13.59403247317329,341.74713995307684,1.1982000200077891,6.261519994586706,186.435860209167,0.0,0.0,0.0,0.0,0.0,19.46621963288635,23.51815993897617,19.234899943694472,0.2385199768468737,2920746,0
stochastic_pullback_trend,momentum,1000,stateful_policy,False,1,5,484.77386001031846,489.11939992103726,465.0411000475288,505.173800047487,16.231150255146744,502.2097600158304,1.1315600015223026,5.921119987033308,332.77277988381684,0.0,0.0,0.0,0.0,0.0,24.33787877671421,26.87811879441142,22.713058814406395,0.2434599911794066,2934209,0
supertrend_trend_following,trend_following,1000,stateful_policy,False,1,5,358.2959800027311,359.9323000526056,345.173699897714,371.4639000827447,9.40082685186011,368.5761800268665,1.1689400300383568,6.279819994233549,214.17981972917917,0.0,0.0,0.0,0.0,0.0,20.320979016833007,25.452141067944467,20.595381036400795,0.2269400283694267,2897820,0
support_resistance_bounce,price_action,1000,stateful_policy,False,1,5,371.8376799952239,370.5474999733269,355.065600015223,396.3718999875709,13.710887680248666,386.9155800202861,1.2426199857145548,6.370459985919297,221.97838136926293,0.0,0.0,0.0,0.0,0.0,20.442500058561563,24.962239479646087,20.53367947228253,0.2695199800655246,2979751,0
triple_screen_trading,multi_timeframe,1000,stateful_policy,False,1,5,446.5484799817205,456.4401999814436,413.9326999429613,470.3913000412285,20.34958017129442,465.8441400155425,2.9673200333490968,18.656099983491004,233.06966060772535,0.0,0.0,0.0,0.0,0.0,31.694960221648216,29.188000364229083,25.03570036496967,0.2012399723753333,3414923,0
turtle_trading,trend_following,1000,stateful_policy,False,1,5,255.0511799985543,250.107100000605,242.78520001098516,275.62400000169873,11.72380744793282,269.3060399964452,1.1374800000339746,6.191019993275404,125.00494006089866,0.0,0.0,0.0,0.0,0.0,17.325800354592502,22.034959378652275,17.60037934873253,0.2141200006008148,2804031,0
volume_expansion_breakout,breakout,1000,stateful_policy,False,1,5,374.6836599893868,381.3424999825656,346.0740000009537,394.5666999788955,18.951613115799795,393.5722199967131,1.216900022700429,6.3384599750861526,232.3611214524135,0.0,0.0,0.0,0.0,0.0,20.17931949812919,24.156119395047423,19.6841394295916,0.2537799999117851,2934633,0
vwap_mean_reversion,mean_reversion,1000,stateful_policy,False,1,5,322.3483999958262,323.71849997434765,313.5514999739826,332.41400006227195,7.279347470930752,330.403760029003,1.209659990854561,6.387340021319687,186.7360194446519,0.0,0.0,0.0,0.0,0.0,18.86490080505609,22.904359688982368,18.769239680841565,0.1889199949800968,2809031,0
williams_r_reversal,mean_reversion,1000,stateful_policy,False,1,5,472.97447999008,465.2340000029653,449.931800016202,499.5877000037581,17.968937946444843,494.72877997905016,1.1648799758404491,6.337460014037788,318.4062201762572,0.0,0.0,0.0,0.0,0.0,24.443820375017825,27.139240270480517,22.8292603045702,0.2522000344470143,2922245,0
zscore_mean_reversion,mean_reversion,1000,stateful_policy,False,1,5,317.90434003341943,312.84320005215704,305.8716000523418,334.61899997200817,11.28501165842149,331.87579999212176,1.1291599832475183,5.843920004554093,181.13946011289957,0.0,0.0,0.0,0.0,0.0,19.291260186582804,23.644699319265783,19.324859301559627,0.208220025524497,2811031,0
adx_trend_following,trend_following,1000,stateful_policy_instrumented,True,1,5,342.2382200136781,342.29460009373724,330.5863999994472,353.0892999842763,8.225303193655572,351.4975400175899,1.1906599858775735,6.194140017032623,200.0779198249802,9.2893,4.00656,1.7861,0.137,1.9263,20.01877971924841,23.99400002323091,19.63202003389597,0.1924799988046288,2809031,0
aroon_trend,trend_following,1000,stateful_policy_instrumented,True,1,5,365.2231400134042,360.2730000857264,343.3974999934435,381.8354000104591,14.38638243295158,381.28631997387856,1.2121399864554403,6.367219984531403,220.8670594729483,9.64108,4.20102,2.0302,0.1371,2.0693,20.509940455667675,24.48338025715202,20.03318024799228,0.1994399819523096,2801037,0
atr_volatility_breakout,breakout,1000,stateful_policy_instrumented,True,1,5,336.0771799925715,338.565899990499,317.3249999526888,362.0285999495536,15.674315158091748,353.1765999738127,1.1937200324609876,6.157460017129779,196.095918584615,9.33508,4.05608,1.8798,0.1438,2.0934,19.92646020371467,23.96038076840341,19.70142077188939,0.1878599869087338,2813031,0
bollinger_mean_reversion,mean_reversion,1000,stateful_policy_instrumented,True,1,5,210.2788999909535,209.05830000992864,208.00759992562237,215.99280007649213,2.9504330979653157,213.63800002727655,1.109940023161471,6.108719948679209,82.45979957282543,8.18586,3.62404,1.6752,0.1357,1.8396,16.857719258405268,21.328799054026604,17.061159014701843,0.1907399855554103,2814025,0
bollinger_squeeze_breakout,breakout,1000,stateful_policy_instrumented,True,1,5,340.90919997543097,340.00680001918226,324.373499955982,359.1444999910891,12.118146846524676,354.88041997887194,1.2160999700427055,6.32862001657486,196.17244044784456,10.98114,5.63796,1.8215,1.7051,1.8435,20.279020839370787,24.101100070402023,19.91974003612995,0.2403799910098314,2936738,0
cci_trend_pullback,momentum,1000,stateful_policy_instrumented,True,1,5,473.66169998422265,467.8169999970123,460.74220002628863,500.02040003892034,14.288436883944836,490.73079999070615,1.1045800056308508,5.916559975594282,319.3103997968137,12.53732,6.27756,2.0426,1.8807,2.2226,24.405380594544116,26.85063942335546,22.83711943309754,0.2610999625176191,2920251,0
chandelier_exit_trend,trend_following,1000,stateful_policy_instrumented,True,1,5,363.49289999343455,367.82309995032847,343.2318000122905,375.2801000373438,10.97438122672661,372.819420020096,1.188919972628355,6.422020005993545,219.94675991591063,9.49288,4.12118,1.9398,0.1436,2.0086,20.243399776518345,24.32926050387323,19.80918049812317,0.2078599529340863,2811037,0
connors_rsi_mean_reversion,mean_reversion,1000,stateful_policy_instrumented,True,1,5,300.2783600008115,299.7137999627739,288.34440000355244,317.41839996539056,9.652621044328423,310.8530799858272,1.136280014179647,6.026239972561598,167.10320005659014,9.46084,4.87716,1.7554,1.6392,1.7544,18.50564037449658,21.370880166068677,17.10894019342959,0.2435800153762102,2926038,0
donchian_breakout,breakout,1000,stateful_policy_instrumented,True,1,5,273.2596999965608,273.2281000353396,261.0567000228912,289.2465000040829,10.182201541172828,285.02509999088943,1.1337199714034796,6.317119998857379,137.56833914667368,8.72256,3.80628,1.8778,0.1429,2.0248,18.260660651139915,22.63197940774262,18.33247938193381,0.1963800052180886,2807031,0
dual_moving_average_crossover,trend_following,1000,stateful_policy_instrumented,True,1,5,333.20270001422614,329.23579995986074,314.90420002955943,360.310300020501,14.945937019434751,349.7570200357586,1.1290799593552947,6.22492004185915,194.2824800498784,9.20806,4.03904,1.983,0.1351,1.9866,19.570220983587205,23.3731203712523,19.1553603624925,0.1890599727630615,2819031,0
elder_impulse_system,momentum,1000,stateful_policy_instrumented,True,1,5,370.4622199991718,366.7785000288859,362.03189997468144,390.15329990070313,10.218741534616324,382.0584999630228,1.1537199839949608,6.276459991931915,229.11766041070223,9.42742,4.053,1.8746,0.1443,2.007,19.987341249361634,24.065319076180455,19.75585909094661,0.1933000050485134,2810037,0
ema_ribbon_trend,trend_following,1000,stateful_policy_instrumented,True,1,5,335.07475999649614,331.3662000000477,318.4661000268534,365.2902999892831,16.08414778526177,353.0559400096536,1.1682999785989523,7.2573000099509954,194.7839395143092,9.33286,4.08992,1.8997,0.1348,1.9713,19.70105965156108,23.70510019827634,19.434840185567737,0.1923199743032455,2806031,0
engulfing_confirmation_trend,price_action,1000,stateful_policy_instrumented,True,1,5,359.2012000037357,353.0178000219166,348.609899985604,383.7264999747276,12.622861047494984,373.452420020476,1.1558000231161714,6.181819993071258,217.21272126305848,10.9002,5.58896,1.8472,1.7697,1.9239,19.6369988610968,24.372319621033967,19.976039603352547,0.2415599999949336,2940627,0
heikin_ashi_trend,trend_following,1000,stateful_policy_instrumented,True,1,5,375.9239199804142,368.6032999539748,353.63519995007664,400.4656999604777,17.240358438498877,396.7271399917081,1.224899967201054,6.133820046670735,232.4862614506856,9.52262,4.13474,2.155,0.1324,1.9884,20.33194035757333,24.19887869618833,19.683138676919043,0.1991999801248312,2807037,0
ichimoku_cloud_trading,trend_following,1000,stateful_policy_instrumented,True,1,5,283.1106000347063,275.19120008219033,270.00939997378737,307.8450000612065,13.734299991501084,299.8934000497684,1.1803800240159037,6.115599977783859,142.84209969919175,11.0058,6.02098,1.9798,0.1454,4.3655,19.02653998695314,24.34748094528913,19.98520097695291,0.2323799999430775,2884672,0
inside_bar_breakout,price_action,1000,stateful_policy_instrumented,True,1,5,365.9780399873853,362.1257999911904,348.2886999845505,382.1203999686986,11.743695375418584,379.3764399830252,1.2225400190800428,6.162999989464879,223.7367604160681,10.6968,5.53488,1.916,1.7399,1.8344,19.31779934093356,24.10338101908565,19.481821032240987,0.2428399631753564,2922745,0
keltner_channel_breakout,breakout,1000,stateful_policy_instrumented,True,1,5,340.8155200071633,336.0817999346182,322.3922000033781,359.5530000748113,14.940727964786928,358.5522000445053,1.126519963145256,5.97053999081254,202.90766009129584,9.29486,4.0764,1.9518,0.1331,1.9915,19.666359503753483,23.55652032420039,19.31054031010717,0.1860200194641947,2814031,0
macd_momentum,momentum,1000,stateful_policy_instrumented,True,1,5,372.0016799867153,385.8866000082344,321.1596999317408,394.86580004449934,27.520843414779986,394.1044400213286,1.2582600116729736,6.633239984512329,216.50530097540468,10.12698,4.44894,2.1841,0.155,2.3458,22.07561999093741,25.989199220202863,21.38241920620203,0.2183799631893634,2803031,0
momentum_acceleration_breakout,breakout,1000,stateful_policy_instrumented,True,1,5,383.3220599917695,380.09010010864586,368.7848999397829,401.1071999557316,11.650066138343334,397.3429599311203,1.2435999931767583,7.527359994128346,229.8241005046293,11.59102,5.96242,1.9419,1.8106,1.9716,21.71104026492685,25.424219761043787,21.065639751031995,0.2393800299614668,2944623,0
nr4_nr7_volatility_breakout,price_action,1000,stateful_policy_instrumented,True,1,5,379.93089999072254,383.28910002019256,367.71020002197474,394.0519000170752,9.96115985447764,390.47938000876456,1.2075799982994797,6.391520006582141,226.93065942730755,11.80358,6.00096,1.9763,1.8577,2.0287,20.737200509756804,25.78674114774913,21.309381118044257,0.25709995534271,2938089,0
opening_range_breakout,breakout,1000,stateful_policy_instrumented,True,1,5,370.6793000455946,375.6011000368744,351.50060011073947,381.9715999998152,11.36139374879171,381.1646400019527,3.410319983959198,6.213500001467764,207.4725811369717,11.78314,5.9915,2.1607,1.9329,2.1356,21.9592219684273,25.739319040440023,21.36693906504661,0.2480399794876575,2849134,0
parabolic_sar_trend,trend_following,1000,stateful_policy_instrumented,True,1,5,348.5313199926168,365.239099948667,313.5025999508798,380.3105000406504,28.02672257327372,375.1866600010544,1.2715600430965424,6.611159979365766,198.4474791912362,9.76048,4.25858,2.2895,0.1521,2.2755,21.320220245979726,25.29490045271814,20.581820397637784,0.2320000203326344,2809031,0
pin_bar_rejection,price_action,1000,stateful_policy_instrumented,True,1,5,430.2141200052574,430.891599971801,412.7812000224367,455.6128999684006,14.485798296159814,445.9585399832577,1.2151200091466308,6.403160025365651,269.92551973089576,13.90674,8.46402,1.8806,1.8563,4.3244,20.96044037025422,29.061559890396893,24.65487984009087,0.2471999963745474,3137585,0
pivot_range_breakout,breakout,1000,stateful_policy_instrumented,True,1,5,363.5125000029802,361.97279999032617,341.351900016889,391.1738999886438,16.153948120404085,381.0673000058159,1.1337999952957034,6.081739999353886,219.3229614989832,11.1032,5.64054,1.8381,1.7348,1.9588,20.426080096513036,24.366060248576105,19.975580228492618,0.2582400105893612,2924643,0
price_channel_trend,trend_following,1000,stateful_policy_instrumented,True,1,5,363.0917599890381,370.2496999176219,334.38699995167553,387.5632000854239,19.22908687562658,382.63368003536016,1.1172400088980794,6.2502800254151225,217.48907917644829,9.77912,4.31178,2.1473,0.2337,2.2241,20.891239470802248,24.83923996333033,20.48857999034226,0.1915200147777795,2809037,0
rsi_pullback_trend,momentum,1000,stateful_policy_instrumented,True,1,5,332.0748200407252,337.31380000244826,308.7742000352591,353.18410000763834,15.04329317651536,347.1093400381505,1.1940800352022052,6.0166999930515885,189.30792133323848,10.78876,5.58566,1.929,1.7874,1.9228,19.986819406040013,23.702999320812523,19.469259306788445,0.2458200324326753,2920746,0
stochastic_pullback_trend,momentum,1000,stateful_policy_instrumented,True,1,5,502.7544599957764,506.63339998573065,481.3820000272244,519.4248000625521,15.832017192156172,519.2660400178283,1.174340001307428,7.044059969484806,340.5666002770886,12.7834,6.4164,2.1492,1.9531,2.1569,25.268299598246813,27.537240460515022,23.26546045951545,0.2445199294015765,2934209,0
supertrend_trend_following,trend_following,1000,stateful_policy_instrumented,True,1,5,361.2415200099349,363.4162000380456,338.5026000905782,383.913500001654,19.599295818741616,382.8261799644679,1.2597199995070696,6.145419995300472,215.20317941904068,11.4934,6.23574,1.8744,0.1381,4.2196,20.291500282473866,25.059781037271023,20.66524103283882,0.2301199827343225,2897820,0
support_resistance_bounce,price_action,1000,stateful_policy_instrumented,True,1,5,372.3685800097883,373.1404000427574,362.1830999618396,388.2349000778049,9.15261654876049,382.4298600200564,1.2238199822604656,6.910320022143424,220.2837794786319,13.1132,7.93722,1.8628,1.8458,4.301,20.322758588008583,25.18815987277776,20.57505988050252,0.2836000174283981,2979751,0
triple_screen_trading,multi_timeframe,1000,stateful_policy_instrumented,True,1,5,444.7538000065833,443.8859999645501,428.7705000024289,464.5445999922231,11.451303313007203,456.5654000034556,2.8052799869328737,18.31736001186073,231.00222058128568,10.03466,4.37006,2.0799,0.1354,2.4264,31.691080424934626,29.2124186642468,24.918778659775853,0.198820000514388,3414923,0
turtle_trading,trend_following,1000,stateful_policy_instrumented,True,1,5,256.39937999658287,247.68669996410608,246.1618999950588,283.262399956584,14.17569539072278,273.3196800108999,1.132700010202825,6.018120003864169,126.22768031433225,8.60636,3.80514,1.8859,0.1382,2.1725,17.707920027896762,21.94681928958744,17.930479301139712,0.1834799535572528,2804031,0
volume_expansion_breakout,breakout,1000,stateful_policy_instrumented,True,1,5,375.0088999979198,367.5191999645904,362.18719999305904,396.49469999130815,12.86193964502266,391.0634599858895,1.2338400119915605,6.394880008883774,230.19185937009752,10.85536,5.64092,1.9874,1.7807,1.8936,20.015259529463947,24.02678062207997,19.568160618655384,0.2520599868148565,2934633,0
vwap_mean_reversion,mean_reversion,1000,stateful_policy_instrumented,True,1,5,336.2924600020051,342.8517999127507,313.2865000516176,349.1902999812737,13.855907116921166,348.8880200078711,1.1200400302186608,6.270599993877113,194.78027888108045,9.51724,4.18552,2.073,0.1437,2.2125,20.204678527079523,24.037920776754618,19.95490079279989,0.1877599628642201,2809031,0
williams_r_reversal,mean_reversion,1000,stateful_policy_instrumented,True,1,5,469.67192001175135,467.25800004787743,455.2101000444964,497.7174999658018,15.041508375337546,486.5860999561846,1.1741199996322391,6.179459975101054,315.6891407677904,12.43664,6.18506,1.9763,1.8542,2.0809,24.16339952033013,26.75919884350151,22.58863882161677,0.2396199619397521,2922245,0
zscore_mean_reversion,mean_reversion,1000,stateful_policy_instrumented,True,1,5,321.00007999688387,316.4238999597728,298.5447000246495,355.9203000040725,20.223257695949613,345.0149799929932,1.0827600257471204,6.001539994031191,183.3027410088107,9.20908,4.01376,1.9426,0.1365,2.04,19.605899648740888,23.4216196462512,19.252639659680423,0.1908400095999241,2811031,0
adx_trend_following,trend_following,10000,stateless,False,1,5,2915.9415599890053,2912.4793999362737,2893.9334000460804,2943.660999997519,17.944599232180174,2937.360199983232,2.991419960744679,61.92628005519509,1859.547982714139,0.0,0.0,0.0,0.0,0.0,171.53845811262727,190.75194068718704,177.63888069894165,0.0095399795100092,16959029,0
aroon_trend,trend_following,10000,stateless,False,1,5,3133.091920008883,3134.011299931444,3115.9960000077263,3145.694000064396,10.192629540439532,3143.579520029016,3.1386599875986576,65.06209997460246,2060.7570381835103,0.0,0.0,0.0,0.0,0.0,175.4496796289459,193.35492118261757,179.73566118162125,0.0114000169560313,16879032,0
atr_volatility_breakout,breakout,10000,stateless,False,1,5,3029.254600009881,3113.482099957764,2872.846100013703,3130.2625000244007,114.83534281528372,3127.691940008662,3.3306000288575888,68.91035998705775,1916.3760205265132,0.0,0.0,0.0,0.0,0.0,182.1200804086402,199.5163581566885,185.48765811137852,0.0111999921500682,16999029,0
bollinger_mean_reversion,mean_reversion,10000,stateless,False,1,5,1785.7074999948964,1789.9234999204054,1767.9236000403762,1801.8000000156464,13.601503478587482,1799.9868800397962,2.66330000013113,59.6829199930653,788.7978594051674,0.0,0.0,0.0,0.0,0.0,154.97358171269298,174.9777985503897,161.3128185737878,0.0093400245532393,17009026,0
bollinger_squeeze_breakout,breakout,10000,stateless,False,1,5,2857.414079993032,2845.379599952139,2825.396299944259,2888.855700031854,24.489959395064123,2886.6023800102994,2.820080006495118,63.56502000708134,1805.8671578066424,0.0,0.0,0.0,0.0,0.0,169.88717748317868,187.87081895861772,174.5087989838794,0.0100399833172559,17029029,0
cci_trend_pullback,momentum,10000,stateless,False,1,5,4178.616160014644,4185.959900030866,4143.691200064495,4209.015400032513,24.6012442935708,4204.412880004384,2.7144799940288067,61.37373999226838,3008.997638220899,0.0,0.0,0.0,0.0,0.0,217.9030193714425,226.77514203824103,213.73308200854808,0.0097600044682621,16949044,0
chandelier_exit_trend,trend_following,10000,stateless,False,1,5,3177.513339975849,3224.1797000169754,3055.764799937606,3275.377699988894,85.4120347678582,3259.444099967368,3.0465399846434598,63.48419999703765,2085.6166417710483,0.0,0.0,0.0,0.0,0.0,178.4572012955323,196.4865388115868,182.9000588040799,0.0117199728265404,16979032,0
connors_rsi_mean_reversion,mean_reversion,10000,stateless,False,1,5,2780.51101998426,2792.595300008543,2736.261999933049,2804.148600087501,24.043040800237787,2800.310440012254,3.048720001243055,63.91880002338439,1737.44801718276,0.0,0.0,0.0,0.0,0.0,167.90464187506586,186.17553962394595,172.9026796296239,0.0118999974802136,17029329,0
donchian_breakout,breakout,10000,stateless,False,1,5,2301.674860017374,2307.944100000896,2268.589499988593,2327.36009999644,19.42288015707316,2320.024020015262,2.9024799820035696,62.84836002159863,1284.4412627164274,0.0,0.0,0.0,0.0,0.0,159.11633875221014,179.84053785912693,166.37687787879258,0.0165799865499138,16939029,0
dual_moving_average_crossover,trend_following,10000,stateless,False,1,5,2884.569939994253,2884.6805000212044,2849.03319994919,2908.1705999560654,21.63572524798592,2907.1003600023687,2.748259948566556,59.70186002086848,1840.332700079307,0.0,0.0,0.0,0.0,0.0,170.72415894363075,188.4569205110893,174.7990005183965,0.0105799874290823,17059029,0
elder_impulse_system,momentum,10000,stateless,False,1,5,3359.326019999571,3402.402500039898,3190.3265999862924,3430.3731999825686,87.19561898264998,3422.0754799898714,3.092979989014566,63.68478003423661,2243.445663293824,0.0,0.0,0.0,0.0,0.0,184.6827429253608,201.81951927952468,187.4743792694062,0.0128000043332576,16969032,0
ema_ribbon_trend,trend_following,10000,stateless,False,1,5,2844.6787199936807,2839.7866000887007,2825.052700005472,2880.1309999544173,18.710067466094056,2865.165479946881,3.011599974706769,61.10270000062883,1807.3431396391245,0.0,0.0,0.0,0.0,0.0,168.16583920735866,186.81194048840555,173.67256046272814,0.0099400291219353,16929029,0
engulfing_confirmation_trend,price_action,10000,stateless,False,1,5,3068.3880200143903,3064.390099956654,3038.188100093976,3105.816600029357,21.732650069895826,3091.6796799981967,2.710419986397028,62.34639999456704,2008.9558396721256,0.0,0.0,0.0,0.0,0.0,170.32523769885302,192.51119999680668,179.58881999365985,0.0113400630652904,17049032,0
heikin_ashi_trend,trend_following,10000,stateless,False,1,5,3254.57639999222,3255.0956999184564,3245.964100002311,3264.12559999153,7.302935289187392,3262.8427600022405,2.991380007006228,60.46923995018005,2192.5929182907566,0.0,0.0,0.0,0.0,0.0,175.91270201373845,191.06699947733432,177.88467949721962,0.0101999845355749,16939032,0
ichimoku_cloud_trading,trend_following,10000,stateless,False,1,5,2363.3378200232983,2364.9238999933004,2328.392800060101,2391.5465000318363,21.052946149081933,2385.124220023863,2.855419996194541,60.951379989273846,1322.865098901093,0.0,0.0,0.0,0.0,0.0,161.24794173520058,190.80309907440096,176.8867790699005,0.0125800026580691,17047364,0
inside_bar_breakout,price_action,10000,stateless,False,1,5,3301.0597800137475,3301.956299925223,3202.238700003363,3399.8227000702173,81.49929055118837,3393.2434200309217,2.887319982983172,63.54750001337379,2203.65022032056,0.0,0.0,0.0,0.0,0.0,177.60734213516116,199.24731943756345,184.9232794251293,0.0119799980893731,16959029,0
keltner_channel_breakout,breakout,10000,stateless,False,1,5,2953.851419989951,2943.807399948128,2914.431499899365,2991.2910000421107,27.58947513581932,2986.0797600355,2.8340599965304136,62.76293999981135,1903.6191961029544,0.0,0.0,0.0,0.0,0.0,171.05925960931927,188.0907624028623,174.785822420381,0.0103999860584735,17009029,0
macd_momentum,momentum,10000,stateless,False,1,5,2909.2902599833906,2892.735800007358,2887.031799997203,2947.653399896808,25.190765535112533,2941.0308399470523,3.11170001514256,64.70344001427293,1856.641219346784,0.0,0.0,0.0,0.0,0.0,169.57968063652515,187.5629025977105,174.28252259269357,0.010479986667633,16899029,0
momentum_acceleration_breakout,breakout,10000,stateless,False,1,5,3118.122979998589,3113.3091000374407,3099.5513000525534,3136.47329993546,14.477881545144609,3135.28261994943,2.8443600051105022,64.15916001424193,2051.2758801691234,0.0,0.0,0.0,0.0,0.0,174.39924201462418,192.8505182731897,179.44073823746294,0.0097399577498435,17069032,0
nr4_nr7_volatility_breakout,price_action,10000,stateless,False,1,5,3222.906080004759,3232.757900026627,3129.2028999887407,3301.375800045207,56.26417407400366,3278.9583600126207,3.325180010870099,65.86789998691529,2105.792378773913,0.0,0.0,0.0,0.0,0.0,179.23435929697007,206.9697415456176,192.99494156148285,0.0149599974974989,17039047,0
opening_range_breakout,breakout,10000,stateless,False,1,5,3005.789740011096,3014.7212999872863,2984.2930000741035,3020.7014000043278,15.690350752690916,3020.359680010006,9.5242400187999,62.68577997107058,1857.538941712119,0.0,0.0,0.0,0.0,0.0,177.1032027201727,195.1588364318013,181.68241642415524,0.0129400053992867,16989029,0
parabolic_sar_trend,trend_following,10000,stateless,False,1,5,2823.321059998125,2809.935199911706,2799.11030002404,2888.101499993354,32.66423616815416,2857.276700017974,3.0524600530043244,64.12581994663924,1770.5909005366266,0.0,0.0,0.0,0.0,0.0,171.41909829806536,189.0064788516611,175.63845885451883,0.0101199839264154,16959029,0
pin_bar_rejection,price_action,10000,stateless,False,1,5,3658.078740001656,3655.322200036608,3653.107000049204,3666.214899974875,4.801193480178497,3664.033339987509,2.8872400522232056,60.74201993178576,2499.986419035122,0.0,0.0,0.0,0.0,0.0,181.55511780641973,239.158261497505,224.30630149319768,0.0103999627754092,18818761,0
pivot_range_breakout,breakout,10000,stateless,False,1,5,3251.130559993908,3282.2506999364123,3129.644799977541,3294.292900012806,62.29435394067284,3293.9445400144905,3.3816999988630414,62.465939973481,2141.723662428558,0.0,0.0,0.0,0.0,0.0,183.02285922691223,201.5607992652804,186.70565928332508,0.0124800251796841,16969032,0
price_channel_trend,trend_following,10000,stateless,False,1,5,3044.2142200190574,3042.0874999836087,3031.932999962009,3058.9702000143006,9.17420712701428,3054.951240052469,3.4179199719801545,65.27566001750529,1984.67838014476,0.0,0.0,0.0,0.0,0.0,171.41946170013398,189.61154050193727,176.66436049621552,0.0111599918454885,16959032,0
rsi_pullback_trend,momentum,10000,stateless,False,1,5,2785.3904200252146,2789.1565000172704,2757.283099927008,2803.700300049968,15.309005832850485,2798.647820041515,2.7402199804782867,62.2276000212878,1743.6039600754157,0.0,0.0,0.0,0.0,0.0,168.66019868757576,186.8734212126583,173.2960212044418,0.0102000078186392,16949029,0
stochastic_pullback_trend,momentum,10000,stateless,False,1,5,4439.078619983047,4449.803099967539,4404.37090001069,4458.796599996276,20.82964292145904,4457.774679991417,2.9428600100800395,63.87812001630663,3242.0161192305386,0.0,0.0,0.0,0.0,0.0,227.51685911789536,234.0398611268029,220.53518113680184,0.0106600113213062,17019044,0
supertrend_trend_following,trend_following,10000,stateless,False,1,5,3259.5417000120506,3314.153300016187,3054.0140999946743,3366.8853000272065,110.24987282723514,3348.3574999962,2.86342001054436,63.22043999098241,2113.3394447388127,0.0,0.0,0.0,0.0,0.0,189.07730081118643,212.2192578855902,198.16209790296853,0.0117000192403793,17178934,0
support_resistance_bounce,price_action,10000,stateless,False,1,5,3314.271000004373,3247.336699976586,3187.6950999721885,3648.855400038883,170.19494524950656,3500.756000028923,2.785020018927753,60.992899956181645,2188.892119191587,0.0,0.0,0.0,0.0,0.0,189.86452063545585,211.91518034320325,197.85346034914252,0.0121800228953361,17158935,0
triple_screen_trading,multi_timeframe,10000,stateless,False,1,5,4231.471839989536,4216.183800017461,4077.076300047338,4496.901399921626,150.2075384465962,4404.690279951319,5.766339972615242,198.92664002254605,2348.604740877636,0.0,0.0,0.0,0.0,0.0,309.46251910645515,261.4314786158502,246.83859860524532,0.0135200098156929,23041486,0
turtle_trading,trend_following,10000,stateless,False,1,5,2342.6808799849823,2292.676599929109,2247.8571999818087,2542.334699886851,104.71300181514046,2464.053979958408,3.061780007556081,64.16527999099344,1261.4330371608958,0.0,0.0,0.0,0.0,0.0,169.54346224665642,191.47030166350305,176.1084416648373,0.0137000111863017,16909029,0
volume_expansion_breakout,breakout,10000,stateless,False,1,5,3433.23597998824,3430.331900017336,3344.0763000398874,3554.253699956462,69.82030973646559,3510.455979965627,3.1293800100684166,64.33335996698588,2297.284619300626,0.0,0.0,0.0,0.0,0.0,188.52629887405783,204.3158598477021,190.32623982056973,0.0127599807456135,17019032,0
vwap_mean_reversion,mean_reversion,10000,stateless,False,1,5,2938.1402799859643,2934.6831999719143,2909.4602999975905,2984.19190000277,24.865176367925454,2964.762219996192,2.917519956827164,62.5945400679484,1844.6527999360117,0.0,0.0,0.0,0.0,0.0,178.9754412835464,196.98551932815465,183.4608593257144,0.0123399775475263,16959029,0
williams_r_reversal,mean_reversion,10000,stateless,False,1,5,4259.077059989795,4245.450900052674,4227.960999938659,4323.16589995753,33.84516107784513,4298.386020003818,3.270879969932139,61.148180020973086,3070.025740610436,0.0,0.0,0.0,0.0,0.0,225.4023202927783,233.35930139292032,219.33352143969387,0.0136600108817219,16959044,0
zscore_mean_reversion,mean_reversion,10000,stateless,False,1,5,3125.2932799980044,3156.799799995497,2893.291600048542,3222.916999948211,119.3914559870302,3215.8698399784043,3.472399991005659,74.2182600311935,1925.6809363840148,0.0,0.0,0.0,0.0,0.0,200.81496161874384,215.6943627400324,200.89676273055372,0.0154800014570355,16979029,0
adx_trend_following,trend_following,10000,stateful,False,1,5,3321.7497600009665,3318.9808999886736,3268.141799955629,3404.4299999950454,46.778905486438326,3374.477640003897,3.136239992454648,63.8734799809754,1981.4312403323129,0.0,0.0,0.0,0.0,0.0,195.36749680992216,226.37288018595427,192.9575001820922,0.225380016490817,28099032,0
aroon_trend,trend_following,10000,stateful,False,1,5,3491.250339988619,3497.3431000253186,3442.035599960945,3540.91670003254,34.324106785217275,3528.4285000292584,3.220220003277064,63.229440012946725,2161.21512085665,0.0,0.0,0.0,0.0,0.0,195.57700215373188,228.99636023212224,195.65856028348207,0.2399600110948085,28019038,0
atr_volatility_breakout,breakout,10000,stateful,False,1,5,3294.858219986781,3268.764500040561,3262.118499958888,3409.429799998179,57.361114022658434,3353.676600009203,3.2651599729433656,65.68060000427067,1953.362901136279,0.0,0.0,0.0,0.0,0.0,197.0811001956463,228.82764115929604,194.9091811431572,0.2734799869358539,28139032,0
bollinger_mean_reversion,mean_reversion,10000,stateful,False,1,5,2199.242560006678,2200.078299967572,2064.398600021377,2380.2316000219434,120.16409963210587,2338.592360028997,3.2001799903810024,62.5338800251484,891.3311599520966,0.0,0.0,0.0,0.0,0.0,186.44199760165063,218.3397794840857,182.4478394817561,0.2402200363576412,28149026,0
bollinger_squeeze_breakout,breakout,10000,stateful,False,1,5,3352.9099999926984,3328.9377000182867,3301.1288000270724,3435.618899995461,47.23643467862032,3410.2458599954844,3.148599970154464,66.76572000142187,1963.8193999882787,0.0,0.0,0.0,0.0,0.0,202.47943671420217,232.2357209166512,197.7905609179288,0.2894999692216515,29378739,0
cci_trend_pullback,momentum,10000,stateful,False,1,5,4799.524619989097,4813.882100046612,4723.272899980657,4864.174799993634,46.512222106186016,4844.766559964046,3.547639981843531,65.57976000476629,3263.775418070145,0.0,0.0,0.0,0.0,0.0,251.58608064521104,266.56696216668934,232.0276821963489,0.340640009380877,29218252,0
chandelier_exit_trend,trend_following,10000,stateful,False,1,5,3569.715980021283,3597.314800019376,3446.9207000220194,3646.9068001024425,71.78746211296631,3637.081640027464,3.0755399726331234,65.47016000840813,2198.627742496319,0.0,0.0,0.0,0.0,0.0,204.43103618454188,234.86555968411267,199.47239968460053,0.2319599734619259,28119038,0
connors_rsi_mean_reversion,mean_reversion,10000,stateful,False,1,5,3446.893380046822,3341.1879000486806,3292.421800084412,3813.053300022148,189.89279178717416,3666.5057400008654,3.5922400187700987,66.95563995745033,1994.413619209081,0.0,0.0,0.0,0.0,0.0,214.43683865945783,241.2919412367046,205.29620125889775,0.3095599822700023,29368039,0
donchian_breakout,breakout,10000,stateful,False,1,5,2734.7592800157145,2705.4292999673635,2684.259800007567,2852.363000041805,61.78674959783263,2807.2892000200227,3.7433800287544727,68.56551999226213,1399.2099615978077,0.0,0.0,0.0,0.0,0.0,187.70318208262324,221.4224576484412,186.81497767101973,0.2353199757635593,28079032,0
dual_moving_average_crossover,trend_following,10000,stateful,False,1,5,3352.88110000547,3331.503599998541,3301.641200087033,3448.120499961078,52.838327595245104,3416.6376600041986,3.15857999958098,66.21644000988454,1990.4354625148696,0.0,0.0,0.0,0.0,0.0,202.27190228179097,230.06951899733397,196.79533899761736,0.8928399533033371,28199032,0
elder_impulse_system,momentum,10000,stateful,False,1,5,3824.477899982594,3723.367700004019,3670.395000022836,4063.486999948509,156.65334076341975,4021.303999959491,3.5296399844810367,71.27368000801653,2385.219540679828,0.0,0.0,0.0,0.0,0.0,213.8347613159567,241.71944020781663,205.60760020744056,0.2511600032448768,28109038,0
ema_ribbon_trend,trend_following,10000,stateful,False,1,5,3316.3089599926025,3315.2524000033736,3272.751900018193,3380.2202999359,35.986329464417096,3355.7430199580267,3.117799945175648,67.65332003124058,1955.4815804120155,0.0,0.0,0.0,0.0,0.0,198.2233406975865,228.19436001591384,194.32134001981467,0.2424600068479776,28069032,0
engulfing_confirmation_trend,price_action,10000,stateful,False,1,5,3565.3997200308368,3542.929499992169,3530.2320000482723,3659.55180011224,47.69272962494063,3617.417240026407,2.9640999622642994,65.29992001596838,2177.9735388234258,0.0,0.0,0.0,0.0,0.0,198.35346145555377,235.86550334002823,201.5636833384633,0.3458400024101138,29418628,0
heikin_ashi_trend,trend_following,10000,stateful,False,1,5,3702.000659983605,3690.470700035803,3662.197500001639,3753.856199909933,31.109921706641188,3738.8935199240223,3.216399997472763,63.56045997235923,2339.110816922039,0.0,0.0,0.0,0.0,0.0,203.0581412138417,230.3841621614993,197.4057221552357,0.2274600090458989,28079038,0
ichimoku_cloud_trading,trend_following,10000,stateful,False,1,5,2834.1703600017354,2809.181399992667,2715.208400040865,3103.27680001501,142.17449653504283,2992.5873200176284,3.5272400127723813,65.91096001211554,1451.1313154827803,0.0,0.0,0.0,0.0,0.0,192.94452043250203,235.0654009031132,201.75148090347648,0.3455000231042504,28857251,0
inside_bar_breakout,price_action,10000,stateful,False,1,5,3782.6982599915937,3779.607400065288,3645.397799904458,3932.6581000350416,123.58610978454765,3923.65502002649,3.584040002897382,69.17991999071091,2355.8959409594536,0.0,0.0,0.0,0.0,0.0,205.04862086381763,239.0034976880997,204.28383769467476,0.3208799986168742,29238746,0
keltner_channel_breakout,breakout,10000,stateful,False,1,5,3451.134159998037,3450.0633000861853,3422.978099901229,3490.13459996786,24.39469885659333,3479.581439984031,3.1515599926933646,66.07154000084847,2074.2091198451817,0.0,0.0,0.0,0.0,0.0,203.28843917232007,233.73672268353403,200.08702271152288,0.2354200230911374,28149032,0
macd_momentum,momentum,10000,stateful,False,1,5,3320.5592000158504,3315.9958000760525,3248.7106000771746,3413.2042999845,54.21065231942476,3380.879899999127,3.252279991284013,69.15673997718841,1977.7096996316689,0.0,0.0,0.0,0.0,0.0,196.50474081281573,225.76053962111476,192.9608196252957,0.2271999605000019,28039032,0
momentum_acceleration_breakout,breakout,10000,stateful,False,1,5,3768.820460001007,3757.287400076166,3554.316099965945,3976.740499958396,137.6270175943762,3917.5252200104296,3.242520010098815,66.87183997128159,2310.911699174904,0.0,0.0,0.0,0.0,0.0,216.77516223862767,243.95287833176556,210.3347183438018,0.285619986243546,29458624,0
nr4_nr7_volatility_breakout,price_action,10000,stateful,False,1,5,3547.763940016739,3520.7750000990927,3501.344699994661,3689.050800050609,71.23946462359318,3623.216359992512,3.0125000048428774,63.433059980161495,2167.33556042891,0.0,0.0,0.0,0.0,0.0,194.35804325621572,236.1452782060951,203.2963182544336,0.2817599568516016,29398090,0
opening_range_breakout,breakout,10000,stateful,False,1,5,3440.044379979372,3438.541100011207,3398.996099946089,3484.6346999984235,30.726411581286666,3475.525219971314,10.752559988759458,70.22553998976946,1980.3480396047237,0.0,0.0,0.0,0.0,0.0,199.42151503637436,232.1194999618456,198.22213996667412,0.3035600064322352,29298743,0
parabolic_sar_trend,trend_following,10000,stateful,False,1,5,3297.542020003312,3229.2880999157205,3195.534700062126,3562.142899958417,134.5647474464895,3446.426420006901,3.097439999692142,67.58647998794913,1932.0627610664812,0.0,0.0,0.0,0.0,0.0,200.44980158563703,229.67948142904788,196.7451214324683,0.2510599792003631,28099032,0
pin_bar_rejection,price_action,10000,stateful,False,1,5,4306.73062002752,4271.637799916789,4239.630400086753,4488.477400038391,92.49351144065189,4408.08992004022,3.168660029768944,65.25874000508338,2753.6453808192164,0.0,0.0,0.0,0.0,0.0,212.12065571453425,286.4611183991656,251.56265839468688,0.3143799724057317,31388586,0
pivot_range_breakout,breakout,10000,stateful,False,1,5,3585.7335600303486,3583.019000012428,3514.973200042732,3650.6637999555096,49.537979812979415,3641.900880006142,3.3787199994549155,67.67257999163121,2201.9546987023205,0.0,0.0,0.0,0.0,0.0,199.03645801823583,232.56252363789827,197.33434363733977,0.2840399742126465,29258644,0
price_channel_trend,trend_following,10000,stateful,False,1,5,3402.8328999876976,3412.07039996516,3337.789699900896,3453.504899982363,38.19902964714513,3439.9129800032824,2.998340013436973,63.405839982442565,2087.377080670558,0.0,0.0,0.0,0.0,0.0,191.7211377294734,225.3760593244806,190.5465792864561,0.2345000160858035,28099038,0
rsi_pullback_trend,momentum,10000,stateful,False,1,5,3253.5255199996755,3186.261499999091,3162.133499979973,3442.9613000247627,106.43911312012904,3385.378299979493,2.916740020737052,68.0398199474439,1892.2197645297276,0.0,0.0,0.0,0.0,0.0,197.26028107106688,227.458577346988,194.0608973382041,0.2797599881887436,29218747,0
stochastic_pullback_trend,momentum,10000,stateful,False,1,5,4804.398919991218,4815.729700028896,4751.014500041492,4829.342899960466,29.031012624483587,4828.900459944271,2.9384799767285585,62.42000001948327,3332.9917178023607,0.0,0.0,0.0,0.0,0.0,241.97694025933745,259.6199218882248,226.673801895231,0.2785600256174803,29358210,0
supertrend_trend_following,trend_following,10000,stateful,False,1,5,3457.5974999926984,3436.643799999729,3414.5815999945626,3543.5781999258325,46.96517589089643,3514.182799984701,3.078759997151792,61.77094001322985,2091.6344006778672,0.0,0.0,0.0,0.0,0.0,195.5164016224444,234.08092015888545,200.71148017887023,0.264040008187294,28988821,0
support_resistance_bounce,price_action,10000,stateful,False,1,5,3823.305179993622,3806.6799000371248,3643.951699952595,3988.609499996528,120.42357816181318,3959.95205999352,3.3330799778923392,65.96958001609892,2325.378021947108,0.0,0.0,0.0,0.0,0.0,216.01996005047116,252.1442180033773,216.4736579870805,0.3146399743854999,29808752,0
triple_screen_trading,multi_timeframe,10000,stateful,False,1,5,4280.679180007428,4265.615900047123,4254.545500036329,4344.774099998176,33.54353694301825,4319.815099984407,6.150740012526512,196.880739973858,2257.359423069284,0.0,0.0,0.0,0.0,0.0,304.98754121363163,274.37892025336623,240.83420026581732,0.2422800054773688,34181489,0
turtle_trading,trend_following,10000,stateful,False,1,5,2483.7309200316668,2486.9634000351653,2435.1013000123203,2564.1578000504524,46.76892433957922,2535.8598800376058,3.0283400090411305,63.53106000460684,1249.1678634425623,0.0,0.0,0.0,0.0,0.0,172.72519944235682,209.0870593907312,175.27861935086548,0.2270599827170372,28049032,0
volume_expansion_breakout,breakout,10000,stateful,False,1,5,3668.774179997854,3616.220899973996,3611.538299941458,3841.5680000325674,88.42173221251714,3769.695240003057,3.0084999976679683,66.22726002242416,2311.753118550405,0.0,0.0,0.0,0.0,0.0,198.76206065528092,231.20520140510047,196.22122140135616,0.2841399982571602,29358634,0
vwap_mean_reversion,mean_reversion,10000,stateful,False,1,5,3161.7680199909955,3129.8436999786645,3118.2884000008926,3303.8690999383107,71.18425257159645,3234.555419976823,2.9838799964636564,64.00518002919853,1866.5187582140788,0.0,0.0,0.0,0.0,0.0,188.5287593351677,220.2765034744516,187.7061434788629,0.2189200138673186,28099032,0
williams_r_reversal,mean_reversion,10000,stateful,False,1,5,4595.374360005371,4593.485299963504,4573.878800030798,4610.97979999613,12.910450381840011,4609.035479999147,3.062799945473671,65.14028001111001,3132.5898609124124,0.0,0.0,0.0,0.0,0.0,238.95748159848156,254.9569194903597,224.21755949035287,0.2642999868839979,29238246,0
zscore_mean_reversion,mean_reversion,10000,stateful,False,1,5,3041.2739400286227,3018.8748999498785,2997.535900096409,3093.068900052458,37.69842155126573,3087.566180014983,2.8956400230526924,63.572359993122525,1765.3097992297262,0.0,0.0,0.0,0.0,0.0,183.54161935858428,215.6513380818069,182.8050980810076,0.2199800219386816,28119032,0
adx_trend_following,trend_following,10000,stateful_policy,False,1,5,3331.1343600042164,3361.173400073312,3148.4928999561816,3454.840800026432,105.5457416000652,3432.5261999852955,3.2314599957317114,61.83238001540303,1986.9134191656483,0.0,0.0,0.0,0.0,0.0,199.1405587643385,227.98678039107472,194.589740363881,0.241499999538064,28099032,0
aroon_trend,trend_following,10000,stateful_policy,False,1,5,3401.550420001149,3407.8121000202373,3359.994599944912,3436.076799989678,28.74753405230717,3432.109560002573,2.978740050457418,61.35896001942456,2107.2193416999653,0.0,0.0,0.0,0.0,0.0,189.68381837476045,220.0957196764648,187.63289963826537,0.2173599787056446,28019038,0
atr_volatility_breakout,breakout,10000,stateful_policy,False,1,5,3158.5896600037813,3139.386299997568,3128.601999953389,3231.1926999827847,37.95800871068053,3203.0602200189605,2.929660025984049,66.78743998054415,1886.046881438233,0.0,0.0,0.0,0.0,0.0,185.68587901536372,216.218099091202,184.77271909359845,0.2217799657955765,28139032,0
bollinger_mean_reversion,mean_reversion,10000,stateful_policy,False,1,5,2009.758599987253,2004.3950999388471,1975.78410001006,2061.2410999601707,29.176089575831423,2043.5030999826267,3.0480200424790382,61.83495996519923,811.1335198162124,0.0,0.0,0.0,0.0,0.0,164.40890016965568,197.5958766648546,164.92655663751066,0.2180599840357899,28149026,0
bollinger_squeeze_breakout,breakout,10000,stateful_policy,False,1,5,3193.3637999929488,3168.284500017762,3126.071500009857,3341.4027000544597,75.86792765270904,3274.603860010393,2.9956400161609054,66.43653996288776,1880.7661562226715,0.0,0.0,0.0,0.0,0.0,189.60230159573257,219.50187894981357,188.35555899422616,0.2683599945157766,29378739,0
cci_trend_pullback,momentum,10000,stateful_policy,False,1,5,4624.0347400074825,4572.7238999679685,4562.642800039612,4818.421800038777,97.7993205610342,4729.223160003312,3.2360400073230267,61.58336000517011,3149.6983777731657,0.0,0.0,0.0,0.0,0.0,239.65031639672816,257.9876795876771,225.65151960588992,0.3008200088515878,29218252,0
chandelier_exit_trend,trend_following,10000,stateful_policy,False,1,5,3377.27921998594,3370.52799994126,3343.774300068617,3417.254799976945,24.570554052257624,3405.8134799823165,2.943820017389953,63.425240013748414,2090.864880569279,0.0,0.0,0.0,0.0,0.0,188.4210026822984,218.03855691105127,185.986116877757,0.222480040974915,28119038,0
connors_rsi_mean_reversion,mean_reversion,10000,stateful_policy,False,1,5,3088.342079985887,3083.332199952565,3069.930600002408,3107.274000067264,13.169719430910238,3103.8809600286186,2.9967000242322683,62.66499997582287,1791.011037491262,0.0,0.0,0.0,0.0,0.0,184.82774579897523,213.96087838802487,182.331538409926,0.3112400183454156,29368039,0
donchian_breakout,breakout,10000,stateful_policy,False,1,5,2706.450600014068,2714.796599932015,2585.711400024593,2782.463900046423,66.8492250673644,2769.361380022019,3.17312004044652,64.54089998733252,1403.3415587851778,0.0,0.0,0.0,0.0,0.0,185.76863987836987,218.95224067848176,185.7763406587765,0.2239600056782364,28079032,0
dual_moving_average_crossover,trend_following,10000,stateful_policy,False,1,5,3134.9248599959537,3137.415300006978,3105.278500006534,3177.932600025088,24.92469642972289,3161.993440007791,2.999140019528568,63.235660013742745,1872.3820648156104,0.0,0.0,0.0,0.0,0.0,182.90797704830769,214.92093766573817,182.1753776632249,0.2194999950006604,28199032,0
elder_impulse_system,momentum,10000,stateful_policy,False,1,5,3478.335519996472,3468.606200069189,3450.8280999725685,3515.478399931453,22.320322478567668,3505.201319954358,2.8868200024589896,59.54246004112065,2204.753279616125,0.0,0.0,0.0,0.0,0.0,187.27080272510648,217.0677811373025,186.0379211138934,0.2183400094509124,28109038,0
ema_ribbon_trend,trend_following,10000,stateful_policy,False,1,5,3124.8254199977964,3125.147399958223,3093.4578999876976,3167.404300067574,25.084177774168385,3152.820740034804,3.2826599897816777,63.92009998671711,1858.7218968197703,0.0,0.0,0.0,0.0,0.0,184.7908012568951,217.01487936079505,184.8493193741888,0.2279799897223711,28069032,0
engulfing_confirmation_trend,price_action,10000,stateful_policy,False,1,5,3505.637460038997,3544.8861001059413,3381.2550000147894,3573.477300000377,71.03380787394042,3566.451340005733,3.174759983085096,63.50676000583917,2147.9834981262684,0.0,0.0,0.0,0.0,0.0,192.45266320649532,229.59581764880568,196.48277761880308,0.3139199689030647,29418628,0
heikin_ashi_trend,trend_following,10000,stateful_policy,False,1,5,3518.334580003284,3531.5971000818536,3472.759199910797,3574.619499966502,38.84504472228884,3559.431699989364,2.948999986983836,63.65980000700802,2237.4806005042046,0.0,0.0,0.0,0.0,0.0,188.42370205093172,217.40263756364584,186.05517758987844,0.2317200414836406,28079038,0
ichimoku_cloud_trading,trend_following,10000,stateful_policy,False,1,5,2671.717959991656,2660.438399994746,2618.556199944578,2735.909500042908,40.18874152928486,2719.234660011716,2.938719978556037,63.99692001286894,1371.7317822622135,0.0,0.0,0.0,0.0,0.0,178.23462060187012,221.97754005901515,189.14754004217684,0.2600600011646747,28857251,0
inside_bar_breakout,price_action,10000,stateful_policy,False,1,5,3518.898339988664,3531.978699960746,3478.328200057149,3562.8589999396354,34.12174016616633,3554.426439991221,2.870159992016852,63.43965998385101,2207.413798919879,0.0,0.0,0.0,0.0,0.0,187.87832052912563,221.47663754876703,189.849917544052,0.2661400008946657,29238746,0
keltner_channel_breakout,breakout,10000,stateful_policy,False,1,5,3371.910380013287,3467.9639000678435,3204.647499951534,3471.708900062368,120.4079130054611,3470.720300031826,3.2010399969294667,65.87327995803207,2033.5859176004308,0.0,0.0,0.0,0.0,0.0,195.7209009444341,225.77270222827792,192.5126422662288,0.2313199685886502,28149032,0
macd_momentum,momentum,10000,stateful_policy,False,1,5,3201.645060046576,3205.833900021389,3159.2541000572965,3229.7231000848114,23.116631802393183,3221.7076200526208,3.025140007957816,62.63721999712288,1918.4764778008685,0.0,0.0,0.0,0.0,0.0,185.89143820572644,216.91450064536184,185.1166405947879,0.2197799738496542,28039032,0
momentum_acceleration_breakout,breakout,10000,stateful_policy,False,1,5,3379.5739999972284,3380.3619999671355,3365.639599971473,3396.01909997873,10.730126323997144,3391.679699998349,2.947059995494783,62.49231998808682,2083.114019385539,0.0,0.0,0.0,0.0,0.0,186.66195892728865,219.16179787367585,187.33043784741312,0.2636600052937865,29458624,0
nr4_nr7_volatility_breakout,price_action,10000,stateful_policy,False,1,5,3409.692380041816,3352.8074000496417,3340.7290000468493,3623.391299974173,107.77725095535531,3527.045299997553,2.790540014393628,61.02271999698132,2083.8720429921523,0.0,0.0,0.0,0.0,0.0,184.35851635877043,226.48628153838217,193.90788155142215,0.2640200313180685,29398090,0
opening_range_breakout,breakout,10000,stateful_policy,False,1,5,3395.927240024321,3327.090899925679,3261.9787000585347,3647.988400072791,135.8583538447363,3557.022440084256,9.696200001053512,69.57032002974302,1951.8408787436783,0.0,0.0,0.0,0.0,0.0,196.2092793080956,227.32320053037256,195.0300405267626,0.2655000425875187,29298743,0
parabolic_sar_trend,trend_following,10000,stateful_policy,False,1,5,3050.3702400252223,3043.0263000307605,3031.1964000575244,3069.6831999812275,15.721997587343896,3069.1636399831623,2.809559996239841,60.31126000452787,1795.6917581381276,0.0,0.0,0.0,0.0,0.0,181.8221057066694,212.5037606805563,181.1808806844056,0.2342799911275506,28099032,0
pin_bar_rejection,price_action,10000,stateful_policy,False,1,5,4072.682139999233,4070.475799962878,4047.2690999740735,4108.9064999250695,20.39385223125952,4095.219699968584,2.890000003390014,61.24453998636454,2618.870282592252,0.0,0.0,0.0,0.0,0.0,198.1729010352865,269.41163958981633,236.67963959742335,0.3088400000706315,31388586,0
pivot_range_breakout,breakout,10000,stateful_policy,False,1,5,3566.899559996091,3617.4246999435127,3473.59960002359,3643.857099930756,75.64998390499257,3635.699699982069,3.295699995942414,63.15929999109357,2198.708096658811,0.0,0.0,0.0,0.0,0.0,200.33130233641717,231.08632226940244,196.6044422937557,0.2982200356200337,29258644,0
price_channel_trend,trend_following,10000,stateful_policy,False,1,5,3327.767640003003,3340.145400026813,3284.4308000057936,3359.950299956836,26.66984630650204,3353.0848199734464,3.3503999933600426,67.17740001622587,2042.4939204007387,0.0,0.0,0.0,0.0,0.0,187.2089431388304,218.07216252200303,185.71878250222653,0.219220039434731,28099038,0
rsi_pullback_trend,momentum,10000,stateful_policy,False,1,5,3077.8175600105897,3090.2326999930665,3053.1722999876365,3092.0313000679016,16.503152263477503,3091.5793400723487,2.8449999867007136,62.87727998569608,1793.8828203594312,0.0,0.0,0.0,0.0,0.0,183.16182105336335,214.972680574283,182.67072059679776,0.2625200198963284,29218747,0
stochastic_pullback_trend,momentum,10000,stateful_policy,False,1,5,4773.269919981249,4746.47500005085,4695.982999983244,4908.155799959786,74.81494777410722,4862.53615997266,2.9029199853539467,70.54676001425833,3301.9800188951194,0.0,0.0,0.0,0.0,0.0,240.80134113319215,257.0510813500732,224.9513813760132,0.2836400177329778,29358210,0
supertrend_trend_following,trend_following,10000,stateful_policy,False,1,5,3488.165639992804,3448.226899956353,3403.399300063029,3626.9606000278154,78.27295688091925,3582.7371600084007,3.235759981907904,67.62316001113504,2103.095000702888,0.0,0.0,0.0,0.0,0.0,197.79346245341003,236.4556400338188,202.73394002579155,0.2613799879327416,28988821,0
support_resistance_bounce,price_action,10000,stateful_policy,False,1,5,3575.247219996527,3577.90389994625,3551.268400042318,3598.75230002217,18.750288657371435,3595.961820008233,2.8514999663457274,67.08660002332181,2181.1870343750343,0.0,0.0,0.0,0.0,0.0,199.22945708967745,234.9010440288112,202.0046440185979,0.2924199914559722,29808752,0
triple_screen_trading,multi_timeframe,10000,stateful_policy,False,1,5,4213.887959974818,4213.071599951945,4185.76529994607,4253.089800011367,23.2038210113851,4240.345200011507,5.232039978727698,187.8158800303936,2223.132899031043,0.0,0.0,0.0,0.0,0.0,298.9765201229602,270.2782796928659,237.0559196686372,0.2178800059482455,34181489,0
turtle_trading,trend_following,10000,stateful_policy,False,1,5,2491.861279984005,2468.6514999484643,2421.371799893677,2609.182499931194,68.20443867986768,2574.754019989632,2.938660024665296,64.61715996265411,1253.7194003583863,0.0,0.0,0.0,0.0,0.0,174.17286054696888,207.8522610012442,175.827041012235,0.2209799597039818,28049032,0
volume_expansion_breakout,breakout,10000,stateful_policy,False,1,5,3701.1735999956727,3606.658500037156,3562.404299969785,3882.553300005384,147.61843114206235,3881.387499975972,3.14044002443552,65.95309996046126,2327.748335432261,0.0,0.0,0.0,0.0,0.0,202.30022170580924,231.6795831779018,197.16810318641365,0.2855399856343865,29358634,0
vwap_mean_reversion,mean_reversion,10000,stateful_policy,False,1,5,3105.0996400183067,3107.866100035608,3070.5270000034943,3152.8959000715986,29.265452303981974,3137.884660041891,3.111220011487603,66.35400000959635,1829.2629580711944,0.0,0.0,0.0,0.0,0.0,184.9487049970776,216.2231006193906,183.76312060281637,0.2174199558794498,28099032,0
williams_r_reversal,mean_reversion,10000,stateful_policy,False,1,5,4541.637920006178,4550.624900031835,4478.938299929723,4602.439900045283,40.79495616173004,4583.5547000402585,2.871679980307817,63.17378000821919,3094.096563081257,0.0,0.0,0.0,0.0,0.0,235.49304269254208,254.47221416980025,221.19213417172432,0.2702799858525395,29238246,0
zscore_mean_reversion,mean_reversion,10000,stateful_policy,False,1,5,3195.463379984721,3228.227599989623,3008.865699986927,3379.099000012502,123.27201612346214,3321.4496799744666,3.2071799971163277,67.6515200175345,1849.966359557584,0.0,0.0,0.0,0.0,0.0,196.68248146772385,228.8284781156108,195.3983980929479,0.2370799891650676,28119032,0
adx_trend_following,trend_following,10000,stateful_policy_instrumented,True,1,5,3201.890080003068,3212.750899954699,3165.195200010203,3230.938300024718,23.89809886220522,3225.2619800157845,3.0753000173717737,62.24387995898724,1907.2561191162092,89.00388,39.01286,18.8177,1.3495,19.2879,186.5231612464413,218.44217935577035,185.780839365907,0.271160015836358,28099032,0
aroon_trend,trend_following,10000,stateful_policy_instrumented,True,1,5,3445.6387600163,3443.5649000806734,3425.6403000326827,3465.484899934381,14.044661556753743,3461.845779977739,2.955380012281239,63.30641999375075,2124.145264038816,92.22206,40.33138,19.3587,1.3609,20.0806,192.9592392174527,222.8386396775022,190.74425967410207,0.2223800169304013,28019038,0
atr_volatility_breakout,breakout,10000,stateful_policy_instrumented,True,1,5,3169.0106000052765,3158.835000009276,3145.358099951409,3220.4916999908164,26.41150676023084,3197.592980018817,3.16253995988518,65.48272001091391,1873.0989180970937,88.7202,38.72106,18.7018,1.315,19.1843,185.57090025860816,217.82646235078573,184.28864234592768,0.2186799887567758,28139032,0
bollinger_mean_reversion,mean_reversion,10000,stateful_policy_instrumented,True,1,5,2226.893480005674,2200.163200031966,2148.7533999606967,2337.120000040158,72.87983695576187,2316.571560036391,3.1749000307172537,71.7966000083834,893.3721624081954,88.41796,38.84646,16.8906,1.3431,19.0054,188.07211730163544,218.7199598411098,183.465359848924,0.2439799951389432,28149026,0
bollinger_squeeze_breakout,breakout,10000,stateful_policy_instrumented,True,1,5,3160.7879400020465,3162.5000999774784,3110.198499984108,3205.0091000273824,31.606841694942865,3194.360140012577,3.1909199664369226,63.58178001828492,1856.329337717034,102.79512,53.09938,17.6877,16.472,17.9557,186.64105993229896,216.24203957617283,184.8995195934549,0.2846799558028579,29378739,0
cci_trend_pullback,momentum,10000,stateful_policy_instrumented,True,1,5,4562.282000016421,4564.277400029823,4524.233300006017,4603.3504999941215,26.27523442895969,4590.827660006471,2.9274400090798736,64.60367999970913,3098.8814203301445,122.82074,61.73326,21.8978,18.8776,20.9628,234.1759768081829,253.73238129541275,221.3099413085729,0.2672600094228983,29218252,0
chandelier_exit_trend,trend_following,10000,stateful_policy_instrumented,True,1,5,3464.0023600077257,3425.246699946001,3402.339700027369,3644.7920000646254,91.79346053041422,3564.9400000460446,3.1882000155746937,64.24853999633342,2122.678841464221,92.63768,40.32866,19.38,1.4058,21.4823,193.47286021802572,223.7078994512558,191.9641594402492,0.2200599992647767,28119038,0
connors_rsi_mean_reversion,mean_reversion,10000,stateful_policy_instrumented,True,1,5,3153.158440021798,3125.915599986911,3054.494299925864,3336.7000001017004,96.4512636012331,3259.1811200603843,2.91318001691252,67.17066003475338,1817.9562612902373,103.05364,52.99746,18.368,16.5906,18.4581,190.05515959579495,218.82066128309816,187.03940126579252,0.2652399940416217,29368039,0
donchian_breakout,breakout,10000,stateful_policy_instrumented,True,1,5,2576.1634199880064,2584.466499974951,2550.193200004287,2592.957600019872,15.182839825413192,2589.5991600118577,3.031460009515285,63.84224002249539,1328.6963028367609,83.8379,37.06516,16.7105,1.2739,18.7934,173.64165862090886,208.56381901539865,176.06459902599454,0.220460002310574,28079032,0
dual_moving_average_crossover,trend_following,10000,stateful_policy_instrumented,True,1,5,3188.814999978058,3195.537499967031,3162.390399957076,3221.3506000116467,22.45408398869725,3212.905840016901,3.024880029261112,63.26295998878777,1893.0675620445984,89.6508,38.92232,18.1831,1.338,19.2806,187.1766598429531,218.7857582932338,186.73567827790976,0.2145599806681275,28199032,0
elder_impulse_system,momentum,10000,stateful_policy_instrumented,True,1,5,3646.66854001116,3574.0187000483274,3501.7964000580832,3896.933399955742,147.59146741978097,3829.7571999719366,2.9464200139045715,64.51293998397887,2287.389899394475,96.05752,41.36118,21.7265,1.4588,21.9566,200.96581862308085,229.88987532444295,197.9663752950728,0.2193999709561467,28109038,0
ema_ribbon_trend,trend_following,10000,stateful_policy_instrumented,True,1,5,3230.298119992949,3162.641300004907,3133.864299976267,3418.085899902508,111.7098765634627,3370.44753995724,3.840500023216009,64.3443799810484,1897.0543812029064,91.306,39.73998,17.6113,1.3182,19.5211,192.81251865904775,223.13410236965865,190.3198623796925,0.2162799937650561,28069032,0
engulfing_confirmation_trend,price_action,10000,stateful_policy_instrumented,True,1,5,3381.604760000482,3378.8133999332786,3336.3013000926003,3433.1922999117523,30.898689784838343,3413.778659980744,2.797579998150468,61.10592000186443,2065.992199070752,103.9441,52.97466,17.4032,16.617,18.1331,184.26820328459144,220.58397990185767,189.6851198747754,0.2777599962428212,29418628,0
heikin_ashi_trend,trend_following,10000,stateful_policy_instrumented,True,1,5,3538.3175800088798,3540.860899956897,3524.9390000244603,3544.890800025314,7.09276173330948,3544.1643200349063,3.0215800274163485,62.95582000166178,2233.1309990258887,90.59826,40.0231,17.9245,1.3116,20.1682,189.58213506266475,219.52738466206935,187.25196465384212,0.2236999804154038,28079038,0
ichimoku_cloud_trading,trend_following,10000,stateful_policy_instrumented,True,1,5,2758.8480999926105,2703.1273000175133,2653.195899911225,3043.7668000813574,143.63774399207315,2907.641680072993,2.996320021338761,61.65847999509424,1404.7920800745487,108.47736,59.00366,19.6823,1.4449,42.9578,184.334980067797,227.22346058581024,195.36290059331805,0.2667799824848771,28857251,0
inside_bar_breakout,price_action,10000,stateful_policy_instrumented,True,1,5,3576.0367599781603,3555.872300057672,3491.0407999996096,3740.447399904952,85.64595825551407,3667.38571994938,3.05029998999089,64.98806001618505,2234.880122635513,105.32406,53.77368,17.4367,16.4384,17.9572,191.9990370748565,223.5997556243092,191.6608956176788,0.2665399806573987,29238746,0
keltner_channel_breakout,breakout,10000,stateful_policy_instrumented,True,1,5,3263.059840002097,3267.2980000497773,3225.7680000038818,3282.026099972427,19.414531055751407,3278.4242999739945,3.2645399449393158,60.644100001081824,1960.7927015982568,89.90098,39.6472,18.1542,1.3742,19.0337,187.33714080881327,218.2348580332473,185.72025801986456,0.229340000078082,28149032,0
macd_momentum,momentum,10000,stateful_policy_instrumented,True,1,5,3227.743480005301,3223.2103999704123,3174.1435999283567,3300.080000073649,40.63524532536432,3269.832480070181,3.2464199932292104,64.36306000687182,1919.0153416246176,89.44612,38.99356,17.6467,1.3024,18.8724,187.2775609139353,219.1934379749,186.47759796585888,0.2375799929723143,28039032,0
momentum_acceleration_breakout,breakout,10000,stateful_policy_instrumented,True,1,5,3612.80936000403,3647.646600031294,3432.8267999226227,3732.283200020902,110.5402862860184,3721.7339200200513,3.0463399831205606,66.37954004108906,2205.9418197721243,111.99218,57.26958,18.467,17.3129,20.2949,205.3056005155668,236.08984081074595,202.50344078522176,0.2786400495097041,29458624,0
nr4_nr7_volatility_breakout,price_action,10000,stateful_policy_instrumented,True,1,5,3401.90348001197,3401.8781000049785,3386.6987999062985,3419.894200051204,10.86432577878245,3413.733440032229,2.7190200285986066,64.22105999663472,2063.0132406484336,107.96944,54.92946,18.2045,16.9826,19.5929,184.34533919207752,225.80919817555696,194.201278174296,0.2685599960386753,29398090,0
opening_range_breakout,breakout,10000,stateful_policy_instrumented,True,1,5,3314.4834799924865,3310.0555000128224,3297.717599896714,3340.7511999830604,15.74981297913977,3333.5810400079936,9.22870000358671,63.585179974325,1900.5047975108027,106.7069,54.04712,18.1355,17.1055,18.6541,191.2325581535697,222.7234003832564,191.3609803887084,0.2662600018084049,29298743,0
parabolic_sar_trend,trend_following,10000,stateful_policy_instrumented,True,1,5,3106.566719990224,3104.705999954604,3058.313399902545,3144.3409000057727,28.369215793861063,3135.5896200053394,3.0970999971032143,62.49246001243591,1806.9465182488784,88.76286,38.73148,18.9571,1.329,19.2356,185.209498857148,217.38938125781715,183.81980126723647,0.2349599963054061,28099032,0
pin_bar_rejection,price_action,10000,stateful_policy_instrumented,True,1,5,4162.137879990041,4101.765500032343,4016.4023999823257,4446.465899934992,151.93908728399296,4340.142179979011,3.152079996652901,65.9783799899742,2659.2484603170305,136.96936,83.39756,18.5654,18.7008,44.4502,203.7178038153797,274.59581694565713,242.63569694012403,0.2803999930620193,31388586,0
pivot_range_breakout,breakout,10000,stateful_policy_instrumented,True,1,5,3454.8410000046715,3466.2809999426827,3419.81550003402,3483.1592000555247,27.42422738283959,3482.162480056286,3.112620022147894,60.70041998755187,2127.248275000602,106.02184,53.6253,17.731,16.9514,18.4459,192.11733809206635,223.2181632425636,190.91576323844487,0.2640399849042296,29258644,0
price_channel_trend,trend_following,10000,stateful_policy_instrumented,True,1,5,3364.085219986737,3359.5441000070423,3344.56259990111,3409.1358000878245,23.36837493627709,3389.4301200285554,2.951960009522736,63.971280003897846,2049.2702615680173,91.47124,39.80246,18.2104,1.3526,19.6516,190.31003774143755,223.5114608425647,189.6302808308974,0.2255600178614258,28099038,0
rsi_pullback_trend,momentum,10000,stateful_policy_instrumented,True,1,5,3301.665979996324,3304.8850999912247,3109.992499928921,3471.7552000656724,129.90862614177357,3445.8978000096977,4.068779991939664,68.66403999738395,1903.2444386510176,109.29078,56.54312,18.4331,19.285,17.7475,200.3631807398051,234.26446050871164,198.13552049454304,0.3282399848103523,29218747,0
stochastic_pullback_trend,momentum,10000,stateful_policy_instrumented,True,1,5,4795.148839987814,4806.13679997623,4724.950099946,4827.00319995638,37.52495205460831,4826.678960002027,2.9183799866586924,62.39029997959733,3311.205316754058,124.26842,62.18668,20.7247,18.6565,21.4699,241.5065050125122,258.8699056999758,226.633485686034,0.2748399972915649,29358210,0
supertrend_trend_following,trend_following,10000,stateful_policy_instrumented,True,1,5,3450.444839987904,3459.727799985558,3427.2609999170527,3465.959200053476,16.695321611261175,3465.9300400177017,2.8821400133892894,60.07461997214705,2070.3333160607144,111.98024,60.83546,19.3326,1.3302,41.3021,195.6735814455897,233.9383017271757,200.92798178084195,0.2505799988284707,28988821,0
support_resistance_bounce,price_action,10000,stateful_policy_instrumented,True,1,5,3759.2729199910536,3836.142399930395,3542.9845000617206,3946.922400034964,152.63415503182074,3909.053160017356,3.0753999948501587,62.66441999468952,2281.41613912303,137.32762,83.3296,19.2632,18.9639,46.1415,214.0962776495144,247.77666453737768,213.9032845385373,0.2940199803560972,29808752,0
triple_screen_trading,multi_timeframe,10000,stateful_policy_instrumented,True,1,5,4264.225280005485,4266.461199964397,4235.452700057067,4282.28990000207,16.465107315890272,4280.340860015713,5.732620018534362,190.9529200056568,2246.454323409125,96.01422,41.76202,18.7066,1.3072,21.4455,303.4793643048033,272.9870764538646,239.0728164697066,0.2230799524113536,34181489,0
turtle_trading,trend_following,10000,stateful_policy_instrumented,True,1,5,2475.584980007261,2473.1006000656635,2434.0603000018746,2503.521699924022,24.53863007570391,2501.006699958816,3.0027000000700355,64.64477996341884,1233.110040449537,82.79206,36.8324,16.9588,1.2605,18.5311,172.1406196244061,206.97959896642715,173.64943893626332,0.2146600047126412,28049032,0
volume_expansion_breakout,breakout,10000,stateful_policy_instrumented,True,1,5,3587.031379994005,3581.118200090714,3556.6110000945628,3623.2253999914974,22.131153527471056,3612.5551999546583,2.9502399964258075,62.3468000208959,2252.339380653575,104.95364,54.13604,17.9398,16.8934,19.1965,194.24072129186243,222.7373770903796,190.8815371338278,0.269299978390336,29358634,0
vwap_mean_reversion,mean_reversion,10000,stateful_policy_instrumented,True,1,5,3266.4571599802,3287.4940999317914,3143.295399961062,3365.8249999862164,89.26879437875304,3360.517839994281,3.1882000155746937,64.40199997741729,1909.4010974280536,92.7508,40.51904,18.1006,1.3292,19.7296,198.9738812670112,229.2944186134264,194.5481786271557,0.232760002836585,28099032,0
williams_r_reversal,mean_reversion,10000,stateful_policy_instrumented,True,1,5,4566.709839995019,4559.58889995236,4524.293800001033,4611.756899976172,29.545239280541097,4600.803459971212,2.847540006041527,62.60389997623861,3097.571919229813,122.7383,61.4,22.4291,18.974,21.4746,236.06586027890444,253.929339745082,221.55085974372923,0.2780999755486846,29238246,0
zscore_mean_reversion,mean_reversion,10000,stateful_policy_instrumented,True,1,5,3061.074459995143,3067.6188999786973,3020.386799937114,3083.553500007838,23.398001973634614,3082.998380018398,2.949780016206205,62.09329999983311,1767.405059444718,89.04672,38.86782,18.2515,1.3144,19.053,186.3422384252772,216.4034032030031,184.52128320932388,0.2157600130885839,28119032,0
