Rows,Framework,Mode,Preparation Ms,Alignment Ms,Framework Decision Ms,Controller Ms,Policy Ms,Total Ms,Rows Per Second,Measured Runs,Warmup Runs,Approximate Input Memory Bytes,Decision Series Memory Bytes,Repeated Indicator Calculations,Phase 24.5 10000-Row Baseline Ms
1000,adx_trend_following,stateless,1.336633,6.664133,211.288433,0.0,0.0,301.989033,3311.379,3,1,643000,1052028,0,2916.6099250499997
1000,aroon_trend,stateless,1.242667,6.1713,235.946065,0.0,0.0,329.1191,3038.414,3,1,643000,1044031,0,2916.6099250499997
1000,atr_volatility_breakout,stateless,1.1646,6.117667,211.352533,0.0,0.0,304.2063,3287.243,3,1,643000,1056028,0,2916.6099250499997
1000,bollinger_mean_reversion,stateless,1.4546,6.685,106.0242,0.0,0.0,198.0307,5049.722,3,1,643000,1057025,0,2916.6099250499997
1000,bollinger_squeeze_breakout,stateless,1.321633,6.7675,216.336166,0.0,0.0,311.335333,3211.971,3,1,643000,1059028,0,2916.6099250499997
1000,cci_trend_pullback,stateless,1.1883,6.090833,352.695367,0.0,0.0,462.2699,2163.238,3,1,643000,1051043,0,2916.6099250499997
1000,chandelier_exit_trend,stateless,1.4416,6.519567,252.5146,0.0,0.0,353.515867,2828.727,3,1,643000,1054031,0,2916.6099250499997
1000,connors_rsi_mean_reversion,stateless,1.2543,6.286367,177.853868,0.0,0.0,261.493633,3824.185,3,1,643000,1059328,0,2916.6099250499997
1000,donchian_breakout,stateless,1.219633,6.296933,155.774267,0.0,0.0,243.948667,4099.223,3,1,643000,1050028,0,2916.6099250499997
1000,dual_moving_average_crossover,stateless,1.4179,6.742967,223.565433,0.0,0.0,321.9851,3105.734,3,1,643000,1062028,0,2916.6099250499997
1000,elder_impulse_system,stateless,1.336933,6.4145,249.686966,0.0,0.0,343.8868,2907.934,3,1,643000,1053031,0,2916.6099250499997
1000,ema_ribbon_trend,stateless,1.403633,6.518667,217.699366,0.0,0.0,311.959867,3205.541,3,1,643000,1049028,0,2916.6099250499997
1000,engulfing_confirmation_trend,stateless,1.340833,6.8846,245.807433,0.0,0.0,345.067,2897.988,3,1,643000,1061031,0,2916.6099250499997
1000,heikin_ashi_trend,stateless,1.186967,6.958433,256.083867,0.0,0.0,352.034133,2840.634,3,1,643000,1050031,0,2916.6099250499997
1000,ichimoku_cloud_trading,stateless,1.250267,6.7845,154.6734,0.0,0.0,248.071567,4031.095,3,1,643000,1060785,0,2916.6099250499997
1000,inside_bar_breakout,stateless,1.402367,6.652533,259.674833,0.0,0.0,360.633533,2772.898,3,1,643000,1052028,0,2916.6099250499997
1000,keltner_channel_breakout,stateless,1.285167,5.941967,219.242299,0.0,0.0,308.905433,3237.237,3,1,643000,1057028,0,2916.6099250499997
1000,macd_momentum,stateless,1.2022,6.1531,211.8761,0.0,0.0,301.2949,3319.007,3,1,643000,1046028,0,2916.6099250499997
1000,momentum_acceleration_breakout,stateless,1.462567,6.098333,248.509166,0.0,0.0,346.418167,2886.685,3,1,643000,1063031,0,2916.6099250499997
1000,nr4_nr7_volatility_breakout,stateless,1.096333,6.220867,232.238634,0.0,0.0,326.029067,3067.211,3,1,643000,1060046,0,2916.6099250499997
1000,opening_range_breakout,stateless,1.292633,6.700733,439.9391,0.0,0.0,548.437,1823.363,3,1,643000,975420,0,2916.6099250499997
1000,parabolic_sar_trend,stateless,1.531833,7.346767,222.272567,0.0,0.0,323.836467,3087.978,3,1,643000,1052028,0,2916.6099250499997
1000,pin_bar_rejection,stateless,1.341433,6.7538,315.671801,0.0,0.0,430.445867,2323.172,3,1,643000,1237760,0,2916.6099250499997
1000,pivot_range_breakout,stateless,1.134567,6.565233,248.604367,0.0,0.0,347.601333,2876.859,3,1,643000,1053031,0,2916.6099250499997
1000,price_channel_trend,stateless,1.627533,7.119333,230.542467,0.0,0.0,325.230133,3074.746,3,1,643000,1052031,0,2916.6099250499997
1000,rsi_pullback_trend,stateless,1.369433,6.314533,212.0767,0.0,0.0,307.535867,3251.653,3,1,643000,1051028,0,2916.6099250499997
1000,stochastic_pullback_trend,stateless,1.3027,6.498567,380.826401,0.0,0.0,489.263967,2043.886,3,1,643000,1058043,0,2916.6099250499997
1000,supertrend_trend_following,stateless,1.288633,6.610433,252.104632,0.0,0.0,356.555433,2804.613,3,1,643000,1073933,0,2916.6099250499997
1000,support_resistance_bounce,stateless,1.267067,6.8195,244.521734,0.0,0.0,341.6072,2927.339,3,1,643000,1071934,0,2916.6099250499997
1000,triple_screen_trading,stateless,3.073633,21.3247,274.671064,0.0,0.0,450.3913,2220.292,3,1,910488,1390432,0,2916.6099250499997
1000,turtle_trading,stateless,1.247267,6.338433,144.570834,0.0,0.0,231.7416,4315.151,3,1,643000,1047028,0,2916.6099250499997
1000,volume_expansion_breakout,stateless,1.171767,6.4713,256.787633,0.0,0.0,351.226567,2847.165,3,1,643000,1058031,0,2916.6099250499997
1000,vwap_mean_reversion,stateless,1.221767,6.073333,211.944833,0.0,0.0,306.059733,3267.336,3,1,643000,1052028,0,2916.6099250499997
1000,williams_r_reversal,stateless,1.228633,5.952533,348.856966,0.0,0.0,453.650133,2204.342,3,1,643000,1052043,0,2916.6099250499997
1000,zscore_mean_reversion,stateless,1.2298,6.691667,211.440233,0.0,0.0,308.989967,3236.351,3,1,643000,1054028,0,2916.6099250499997
1000,adx_trend_following,stateful_policy,1.421833,6.609767,228.2192,0.0,0.0,430.8613,2320.933,3,1,643000,2166031,0,2916.6099250499997
1000,aroon_trend,stateful_policy,1.457133,6.529367,248.804133,0.0,0.0,451.929267,2212.736,3,1,643000,2158037,0,2916.6099250499997
1000,atr_volatility_breakout,stateful_policy,1.429,6.445467,231.985333,0.0,0.0,440.366967,2270.833,3,1,643000,2170031,0,2916.6099250499997
1000,bollinger_mean_reversion,stateful_policy,1.325733,7.636333,116.929633,0.0,0.0,316.884167,3155.727,3,1,643000,2171025,0,2916.6099250499997
1000,bollinger_squeeze_breakout,stateful_policy,1.392833,6.2338,235.330434,0.0,0.0,451.395567,2215.352,3,1,643000,2293738,0,2916.6099250499997
1000,cci_trend_pullback,stateful_policy,1.6544,6.579733,394.7678,0.0,0.0,635.628533,1573.246,3,1,643000,2277251,0,2916.6099250499997
1000,chandelier_exit_trend,stateful_policy,1.482633,6.9302,263.077066,0.0,0.0,478.299233,2090.741,3,1,643000,2168037,0,2916.6099250499997
1000,connors_rsi_mean_reversion,stateful_policy,1.506667,6.7485,203.250933,0.0,0.0,406.950667,2457.3,3,1,643000,2283038,0,2916.6099250499997
1000,donchian_breakout,stateful_policy,1.477533,6.401567,186.213465,0.0,0.0,397.8409,2513.568,3,1,643000,2164031,0,2916.6099250499997
1000,dual_moving_average_crossover,stateful_policy,1.444,6.4647,238.530366,0.0,0.0,452.2083,2211.37,3,1,643000,2176031,0,2916.6099250499997
1000,elder_impulse_system,stateful_policy,1.367967,6.527133,273.551098,0.0,0.0,490.134267,2040.257,3,1,643000,2167037,0,2916.6099250499997
1000,ema_ribbon_trend,stateful_policy,1.462767,6.791733,238.783233,0.0,0.0,453.164133,2206.706,3,1,643000,2163031,0,2916.6099250499997
1000,engulfing_confirmation_trend,stateful_policy,1.149267,6.185967,254.082865,0.0,0.0,463.364233,2158.129,3,1,643000,2297627,0,2916.6099250499997
1000,heikin_ashi_trend,stateful_policy,1.5163,6.6533,284.527868,0.0,0.0,505.851367,1976.865,3,1,643000,2164037,0,2916.6099250499997
1000,ichimoku_cloud_trading,stateful_policy,1.335433,6.266667,174.981166,0.0,0.0,382.348133,2615.418,3,1,643000,2241672,0,2916.6099250499997
1000,inside_bar_breakout,stateful_policy,1.3822,6.602933,273.943199,0.0,0.0,490.251633,2039.769,3,1,643000,2279745,0,2916.6099250499997
1000,keltner_channel_breakout,stateful_policy,1.356,6.062533,244.374466,0.0,0.0,454.764233,2198.942,3,1,643000,2171031,0,2916.6099250499997
1000,macd_momentum,stateful_policy,1.555433,6.6755,243.5911,0.0,0.0,461.337433,2167.611,3,1,643000,2160031,0,2916.6099250499997
1000,momentum_acceleration_breakout,stateful_policy,1.576033,7.764833,257.036066,0.0,0.0,468.517367,2134.393,3,1,643000,2301623,0,2916.6099250499997
1000,nr4_nr7_volatility_breakout,stateful_policy,1.3326,6.688133,282.543333,0.0,0.0,524.5298,1906.469,3,1,643000,2295089,0,2916.6099250499997
1000,opening_range_breakout,stateful_policy,1.401367,6.7245,467.5649,0.0,0.0,690.524667,1448.174,3,1,643000,2206134,0,2916.6099250499997
1000,parabolic_sar_trend,stateful_policy,1.783867,7.641533,254.344866,0.0,0.0,495.2643,2019.124,3,1,643000,2166031,0,2916.6099250499997
1000,pin_bar_rejection,stateful_policy,1.407767,6.450533,312.1674,0.0,0.0,541.867033,1845.471,3,1,643000,2494585,0,2916.6099250499997
1000,pivot_range_breakout,stateful_policy,1.451133,7.200367,287.499632,0.0,0.0,514.809533,1942.466,3,1,643000,2281643,0,2916.6099250499997
1000,price_channel_trend,stateful_policy,1.4316,6.288033,267.729233,0.0,0.0,491.191533,2035.866,3,1,643000,2166037,0,2916.6099250499997
1000,rsi_pullback_trend,stateful_policy,1.498967,6.868867,250.277433,0.0,0.0,485.978233,2057.705,3,1,643000,2277746,0,2916.6099250499997
1000,stochastic_pullback_trend,stateful_policy,1.626833,9.9621,474.403634,0.0,0.0,757.238233,1320.588,3,1,643000,2291209,0,2916.6099250499997
1000,supertrend_trend_following,stateful_policy,1.441933,6.454633,280.817299,0.0,0.0,522.576433,1913.596,3,1,643000,2254820,0,2916.6099250499997
1000,support_resistance_bounce,stateful_policy,1.503533,6.685733,289.233167,0.0,0.0,528.510167,1892.111,3,1,643000,2336751,0,2916.6099250499997
1000,triple_screen_trading,stateful_policy,3.312367,19.328767,299.6656,0.0,0.0,600.611167,1664.971,3,1,910488,2504435,0,2916.6099250499997
1000,turtle_trading,stateful_policy,1.488267,6.5258,168.8803,0.0,0.0,384.380667,2601.588,3,1,643000,2161031,0,2916.6099250499997
1000,volume_expansion_breakout,stateful_policy,1.325833,6.1331,272.485033,0.0,0.0,482.907233,2070.791,3,1,643000,2291633,0,2916.6099250499997
1000,vwap_mean_reversion,stateful_policy,1.661,6.948633,238.126633,0.0,0.0,458.3928,2181.535,3,1,643000,2166031,0,2916.6099250499997
1000,williams_r_reversal,stateful_policy,1.3964,6.420133,376.377901,0.0,0.0,606.838267,1647.886,3,1,643000,2279245,0,2916.6099250499997
1000,zscore_mean_reversion,stateful_policy,1.357733,6.6376,228.482433,0.0,0.0,444.9861,2247.261,3,1,643000,2168031,0,2916.6099250499997
1000,adx_trend_following,stateful_policy_instrumented,1.372367,6.101167,241.834468,88.4015,81.556133,457.988267,2183.462,3,1,643000,2166031,0,2916.6099250499997
1000,aroon_trend,stateful_policy_instrumented,1.5724,6.969367,274.673532,95.2348,87.930467,511.475267,1955.129,3,1,643000,2158037,0,2916.6099250499997
1000,atr_volatility_breakout,stateful_policy_instrumented,1.351967,6.371467,237.902069,89.1586,82.257967,455.8439,2193.733,3,1,643000,2170031,0,2916.6099250499997
1000,bollinger_mean_reversion,stateful_policy_instrumented,1.5406,6.396233,127.395501,89.307667,82.484367,345.8351,2891.551,3,1,643000,2171025,0,2916.6099250499997
1000,bollinger_squeeze_breakout,stateful_policy_instrumented,1.3811,6.2572,229.376534,87.194933,80.565633,441.426667,2265.382,3,1,643000,2293738,0,2916.6099250499997
1000,cci_trend_pullback,stateful_policy_instrumented,1.450833,6.543333,380.210999,99.6707,92.1031,613.937933,1628.829,3,1,643000,2277251,0,2916.6099250499997
1000,chandelier_exit_trend,stateful_policy_instrumented,1.471767,6.801433,275.135232,94.89,87.615333,504.750867,1981.175,3,1,643000,2168037,0,2916.6099250499997
1000,connors_rsi_mean_reversion,stateful_policy_instrumented,1.5304,7.736333,212.051034,83.119633,76.8576,428.236167,2335.16,3,1,643000,2283038,0,2916.6099250499997
1000,donchian_breakout,stateful_policy_instrumented,1.416167,8.2645,182.658833,90.5313,83.7054,403.727867,2476.916,3,1,643000,2164031,0,2916.6099250499997
1000,dual_moving_average_crossover,stateful_policy_instrumented,1.473267,6.3726,241.756567,90.110833,82.386,459.287533,2177.285,3,1,643000,2176031,0,2916.6099250499997
1000,elder_impulse_system,stateful_policy_instrumented,1.630067,6.420067,283.898468,93.3458,86.2431,512.054833,1952.916,3,1,643000,2167037,0,2916.6099250499997
1000,ema_ribbon_trend,stateful_policy_instrumented,1.391567,6.7492,238.996799,86.907467,80.067167,450.830033,2218.131,3,1,643000,2163031,0,2916.6099250499997
1000,engulfing_confirmation_trend,stateful_policy_instrumented,1.153,6.2185,267.572,92.931967,85.938267,490.4464,2038.959,3,1,643000,2297627,0,2916.6099250499997
1000,heikin_ashi_trend,stateful_policy_instrumented,1.370167,6.563133,280.426998,89.524833,82.705067,497.538933,2009.893,3,1,643000,2164037,0,2916.6099250499997
1000,ichimoku_cloud_trading,stateful_policy_instrumented,1.487967,6.438833,181.233201,89.131767,82.553433,400.503167,2496.859,3,1,643000,2241672,0,2916.6099250499997
1000,inside_bar_breakout,stateful_policy_instrumented,1.320633,8.3071,275.344332,91.955133,84.958067,497.893233,2008.463,3,1,643000,2279745,0,2916.6099250499997
1000,keltner_channel_breakout,stateful_policy_instrumented,1.387367,6.744633,257.727599,93.3975,86.243233,483.871667,2066.664,3,1,643000,2171031,0,2916.6099250499997
1000,macd_momentum,stateful_policy_instrumented,1.4529,6.470767,237.349401,85.955133,79.2672,448.457033,2229.868,3,1,643000,2160031,0,2916.6099250499997
1000,momentum_acceleration_breakout,stateful_policy_instrumented,1.3214,6.219967,271.631,95.487933,88.313567,500.130633,1999.478,3,1,643000,2301623,0,2916.6099250499997
1000,nr4_nr7_volatility_breakout,stateful_policy_instrumented,1.245533,6.3427,263.294967,91.764267,84.746567,486.3267,2056.231,3,1,643000,2295089,0,2916.6099250499997
1000,opening_range_breakout,stateful_policy_instrumented,1.378567,7.703233,490.651433,95.306533,87.345867,725.3534,1378.638,3,1,643000,2206134,0,2916.6099250499997
1000,parabolic_sar_trend,stateful_policy_instrumented,1.3907,6.813367,228.395198,87.283933,80.595433,442.5816,2259.47,3,1,643000,2166031,0,2916.6099250499997
1000,pin_bar_rejection,stateful_policy_instrumented,1.4224,6.690933,322.343701,97.1743,90.1828,563.2374,1775.45,3,1,643000,2494585,0,2916.6099250499997
1000,pivot_range_breakout,stateful_policy_instrumented,1.2646,6.3511,260.073166,80.199067,73.260933,466.2606,2144.723,3,1,643000,2281643,0,2916.6099250499997
1000,price_channel_trend,stateful_policy_instrumented,1.3583,6.1728,262.8925,93.2592,86.132667,487.057767,2053.145,3,1,643000,2166037,0,2916.6099250499997
1000,rsi_pullback_trend,stateful_policy_instrumented,1.362167,6.7271,233.054666,90.772467,83.8935,453.0134,2207.44,3,1,643000,2277746,0,2916.6099250499997
1000,stochastic_pullback_trend,stateful_policy_instrumented,1.582433,6.7795,417.407769,105.989767,98.2833,664.196,1505.58,3,1,643000,2291209,0,2916.6099250499997
1000,supertrend_trend_following,stateful_policy_instrumented,1.697367,6.662567,266.427866,95.369133,88.281133,500.0834,1999.666,3,1,643000,2254820,0,2916.6099250499997
1000,support_resistance_bounce,stateful_policy_instrumented,1.399067,7.972267,266.932201,94.0345,87.311867,496.8563,2012.654,3,1,643000,2336751,0,2916.6099250499997
1000,triple_screen_trading,stateful_policy_instrumented,4.016467,21.612367,331.278567,109.103733,101.132133,672.2156,1487.618,3,1,910488,2504435,0,2916.6099250499997
1000,turtle_trading,stateful_policy_instrumented,1.545433,6.7738,182.501067,94.5609,87.371867,412.044833,2426.92,3,1,643000,2161031,0,2916.6099250499997
1000,volume_expansion_breakout,stateful_policy_instrumented,1.7063,6.984,307.730067,99.973133,92.557533,548.1058,1824.465,3,1,643000,2291633,0,2916.6099250499997
1000,vwap_mean_reversion,stateful_policy_instrumented,1.484233,6.721067,259.973134,100.440133,92.875333,501.2229,1995.12,3,1,643000,2166031,0,2916.6099250499997
1000,williams_r_reversal,stateful_policy_instrumented,1.4478,6.957367,405.063,107.8404,99.8163,656.585033,1523.032,3,1,643000,2279245,0,2916.6099250499997
1000,zscore_mean_reversion,stateful_policy_instrumented,1.425267,6.6254,238.114532,94.257933,87.084733,466.4081,2144.045,3,1,643000,2168031,0,2916.6099250499997
10000,adx_trend_following,stateless,3.6504,70.690267,2287.137166,0.0,0.0,3227.397133,3098.472,3,1,6430000,10529029,0,2916.6099250499997
10000,aroon_trend,stateless,3.3966,64.9565,2537.494369,0.0,0.0,3499.5483,2857.512,3,1,6430000,10449032,0,2916.6099250499997
10000,atr_volatility_breakout,stateless,3.499533,76.386,2224.112701,0.0,0.0,3156.853,3167.712,3,1,6430000,10569029,0,2916.6099250499997
10000,bollinger_mean_reversion,stateless,3.8659,69.948233,1042.312964,0.0,0.0,1899.646767,5264.137,3,1,6430000,10579026,0,2916.6099250499997
10000,bollinger_squeeze_breakout,stateless,3.518433,74.500867,2235.943465,0.0,0.0,3179.392567,3145.255,3,1,6430000,10599029,0,2916.6099250499997
10000,cci_trend_pullback,stateless,3.294867,73.3534,3795.802367,0.0,0.0,4906.783,2037.995,3,1,6430000,10519044,0,2916.6099250499997
10000,chandelier_exit_trend,stateless,3.207833,68.497533,2526.689166,0.0,0.0,3490.502133,2864.917,3,1,6430000,10549032,0,2916.6099250499997
10000,connors_rsi_mean_reversion,stateless,3.611633,69.299233,2152.207832,0.0,0.0,3080.7734,3245.938,3,1,6430000,10599329,0,2916.6099250499997
10000,donchian_breakout,stateless,3.524367,67.454867,1677.449927,0.0,0.0,2580.548133,3875.146,3,1,6430000,10509029,0,2916.6099250499997
10000,dual_moving_average_crossover,stateless,3.567933,70.356067,2254.667104,0.0,0.0,3180.346633,3144.311,3,1,6430000,10629029,0,2916.6099250499997
10000,elder_impulse_system,stateless,3.648567,68.390533,2687.868131,0.0,0.0,3662.510533,2730.368,3,1,6430000,10539032,0,2916.6099250499997
10000,ema_ribbon_trend,stateless,3.206533,71.032733,2220.666263,0.0,0.0,3154.461533,3170.113,3,1,6430000,10499029,0,2916.6099250499997
10000,engulfing_confirmation_trend,stateless,3.176033,66.559433,2456.680197,0.0,0.0,3391.099667,2948.896,3,1,6430000,10619032,0,2916.6099250499997
10000,heikin_ashi_trend,stateless,3.943233,71.492233,2741.290399,0.0,0.0,3715.573,2691.375,3,1,6430000,10509032,0,2916.6099250499997
10000,ichimoku_cloud_trading,stateless,3.515067,75.753067,1756.069034,0.0,0.0,2733.794233,3657.92,3,1,6430000,10617364,0,2916.6099250499997
10000,inside_bar_breakout,stateless,3.4764,74.4623,2605.112396,0.0,0.0,3557.050067,2811.318,3,1,6430000,10529029,0,2916.6099250499997
10000,keltner_channel_breakout,stateless,3.310267,68.266033,2326.772902,0.0,0.0,3255.7929,3071.448,3,1,6430000,10579029,0,2916.6099250499997
10000,macd_momentum,stateless,3.4447,73.487267,2311.389664,0.0,0.0,3258.709167,3068.7,3,1,6430000,10469029,0,2916.6099250499997
10000,momentum_acceleration_breakout,stateless,3.312333,66.7627,2501.306801,0.0,0.0,3443.270033,2904.216,3,1,6430000,10639032,0,2916.6099250499997
10000,nr4_nr7_volatility_breakout,stateless,3.135067,68.3823,2457.185432,0.0,0.0,3394.989733,2945.517,3,1,6430000,10609047,0,2916.6099250499997
10000,opening_range_breakout,stateless,3.634333,70.353267,4719.942664,0.0,0.0,5811.9101,1720.605,3,1,6430000,10559029,0,2916.6099250499997
10000,parabolic_sar_trend,stateless,3.546433,75.590533,2172.371294,0.0,0.0,3104.3412,3221.295,3,1,6430000,10529029,0,2916.6099250499997
10000,pin_bar_rejection,stateless,3.430533,66.969267,3007.680633,0.0,0.0,4059.822233,2463.162,3,1,6430000,12388761,0,2916.6099250499997
10000,pivot_range_breakout,stateless,3.5004,66.903633,2503.851566,0.0,0.0,3453.755733,2895.399,3,1,6430000,10539032,0,2916.6099250499997
10000,price_channel_trend,stateless,3.405,66.0069,2410.592804,0.0,0.0,3344.8909,2989.634,3,1,6430000,10529032,0,2916.6099250499997
10000,rsi_pullback_trend,stateless,2.951067,68.2343,2251.919769,0.0,0.0,3212.367533,3112.969,3,1,6430000,10519029,0,2916.6099250499997
10000,stochastic_pullback_trend,stateless,3.170733,74.2614,3942.990864,0.0,0.0,5034.786467,1986.182,3,1,6430000,10589044,0,2916.6099250499997
10000,supertrend_trend_following,stateless,3.663167,70.4686,2484.035764,0.0,0.0,3467.683867,2883.769,3,1,6430000,10748934,0,2916.6099250499997
10000,support_resistance_bounce,stateless,3.465833,68.1062,2598.990034,0.0,0.0,3587.2393,2787.659,3,1,6430000,10728935,0,2916.6099250499997
10000,triple_screen_trading,stateless,5.992233,213.038567,2867.00016,0.0,0.0,4626.439,2161.49,3,1,9108738,13932748,0,2916.6099250499997
10000,turtle_trading,stateless,3.846167,67.926067,1552.888201,0.0,0.0,2450.809267,4080.285,3,1,6430000,10479029,0,2916.6099250499997
10000,volume_expansion_breakout,stateless,3.3129,67.95,2930.729731,0.0,0.0,3980.6379,2512.16,3,1,6430000,10589032,0,2916.6099250499997
10000,vwap_mean_reversion,stateless,3.1106,72.4013,2222.249902,0.0,0.0,3164.512633,3160.044,3,1,6430000,10529029,0,2916.6099250499997
10000,williams_r_reversal,stateless,3.528267,68.158667,3747.346732,0.0,0.0,4840.0615,2066.089,3,1,6430000,10529044,0,2916.6099250499997
10000,zscore_mean_reversion,stateless,3.372933,74.514367,2145.2612,0.0,0.0,3096.052267,3229.92,3,1,6430000,10549029,0,2916.6099250499997
10000,adx_trend_following,stateful_policy,3.567933,69.257233,2514.779395,0.0,0.0,4682.264333,2135.719,3,1,6430000,21669032,0,2916.6099250499997
10000,aroon_trend,stateful_policy,3.604733,68.447,2725.239734,0.0,0.0,4898.6119,2041.395,3,1,6430000,21589038,0,2916.6099250499997
10000,atr_volatility_breakout,stateful_policy,4.131467,85.337133,2526.34,0.0,0.0,4760.2181,2100.744,3,1,6430000,21709032,0,2916.6099250499997
10000,bollinger_mean_reversion,stateful_policy,3.485033,80.036767,1245.299966,0.0,0.0,3321.982933,3010.25,3,1,6430000,21719026,0,2916.6099250499997
10000,bollinger_squeeze_breakout,stateful_policy,3.6345,73.0036,2427.419601,0.0,0.0,4579.347367,2183.717,3,1,6430000,22948739,0,2916.6099250499997
10000,cci_trend_pullback,stateful_policy,3.977833,72.3393,4040.910067,0.0,0.0,6440.117167,1552.767,3,1,6430000,22788252,0,2916.6099250499997
10000,chandelier_exit_trend,stateful_policy,3.433067,72.250433,2883.987903,0.0,0.0,5199.581067,1923.232,3,1,6430000,21689038,0,2916.6099250499997
10000,connors_rsi_mean_reversion,stateful_policy,3.842267,75.5825,2434.755601,0.0,0.0,4674.367533,2139.327,3,1,6430000,22938039,0,2916.6099250499997
10000,donchian_breakout,stateful_policy,3.9601,72.820233,1875.141526,0.0,0.0,3993.827933,2503.864,3,1,6430000,21649032,0,2916.6099250499997
10000,dual_moving_average_crossover,stateful_policy,3.954633,71.486133,2515.283297,0.0,0.0,4695.501367,2129.698,3,1,6430000,21769032,0,2916.6099250499997
10000,elder_impulse_system,stateful_policy,3.224967,67.4927,2841.15857,0.0,0.0,4994.652433,2002.141,3,1,6430000,21679038,0,2916.6099250499997
10000,ema_ribbon_trend,stateful_policy,3.6631,70.584467,2558.229335,0.0,0.0,4809.449867,2079.24,3,1,6430000,21639032,0,2916.6099250499997
10000,engulfing_confirmation_trend,stateful_policy,3.380867,74.269867,2743.799267,0.0,0.0,4965.6732,2013.826,3,1,6430000,22988628,0,2916.6099250499997
10000,heikin_ashi_trend,stateful_policy,3.639,67.257633,2940.065732,0.0,0.0,5133.997233,1947.8,3,1,6430000,21649038,0,2916.6099250499997
10000,ichimoku_cloud_trading,stateful_policy,3.705633,67.556167,1927.171198,0.0,0.0,4152.746,2408.045,3,1,6430000,22427251,0,2916.6099250499997
10000,inside_bar_breakout,stateful_policy,3.723,71.5313,2897.633601,0.0,0.0,5143.506367,1944.199,3,1,6430000,22808746,0,2916.6099250499997
10000,keltner_channel_breakout,stateful_policy,3.5531,70.508533,2612.496463,0.0,0.0,4803.098367,2081.989,3,1,6430000,21719032,0,2916.6099250499997
10000,macd_momentum,stateful_policy,3.724933,80.3544,2544.302373,0.0,0.0,4755.9511,2102.629,3,1,6430000,21609032,0,2916.6099250499997
10000,momentum_acceleration_breakout,stateful_policy,3.4649,74.790533,2713.970566,0.0,0.0,4886.734833,2046.356,3,1,6430000,23028624,0,2916.6099250499997
10000,nr4_nr7_volatility_breakout,stateful_policy,3.373567,71.297667,2692.556298,0.0,0.0,4876.462967,2050.667,3,1,6430000,22968090,0,2916.6099250499997
10000,opening_range_breakout,stateful_policy,3.982,74.7956,5091.977834,0.0,0.0,7441.556533,1343.805,3,1,6430000,22868743,0,2916.6099250499997
10000,parabolic_sar_trend,stateful_policy,3.7796,75.021933,2423.898001,0.0,0.0,4599.160033,2174.31,3,1,6430000,21669032,0,2916.6099250499997
10000,pin_bar_rejection,stateful_policy,3.578933,73.810333,3373.399868,0.0,0.0,5784.867733,1728.648,3,1,6430000,24958586,0,2916.6099250499997
10000,pivot_range_breakout,stateful_policy,4.2548,73.6077,2836.704336,0.0,0.0,5025.108167,1990.007,3,1,6430000,22828644,0,2916.6099250499997
10000,price_channel_trend,stateful_policy,3.634367,73.642833,2731.783661,0.0,0.0,4954.1499,2018.51,3,1,6430000,21669038,0,2916.6099250499997
10000,rsi_pullback_trend,stateful_policy,3.648567,74.3218,2407.011999,0.0,0.0,4592.605167,2177.413,3,1,6430000,22788747,0,2916.6099250499997
10000,stochastic_pullback_trend,stateful_policy,3.514867,70.4099,4237.0676,0.0,0.0,6636.004367,1506.931,3,1,6430000,22928210,0,2916.6099250499997
10000,supertrend_trend_following,stateful_policy,3.813433,71.6786,2799.779135,0.0,0.0,5139.0042,1945.902,3,1,6430000,22558821,0,2916.6099250499997
10000,support_resistance_bounce,stateful_policy,3.651267,75.046033,2823.625364,0.0,0.0,5100.926233,1960.428,3,1,6430000,23378752,0,2916.6099250499997
10000,triple_screen_trading,stateful_policy,5.993233,216.9671,3019.21203,0.0,0.0,6043.938967,1654.55,3,1,9108738,25072751,0,2916.6099250499997
10000,turtle_trading,stateful_policy,3.253833,68.8354,1729.892935,0.0,0.0,3797.2745,2633.468,3,1,6430000,21619032,0,2916.6099250499997
10000,volume_expansion_breakout,stateful_policy,3.661667,72.4156,3022.059796,0.0,0.0,5309.6885,1883.35,3,1,6430000,22928634,0,2916.6099250499997
10000,vwap_mean_reversion,stateful_policy,3.877767,76.444367,2579.098503,0.0,0.0,4882.287667,2048.22,3,1,6430000,21669032,0,2916.6099250499997
10000,williams_r_reversal,stateful_policy,4.055033,90.157733,4303.294997,0.0,0.0,6895.398967,1450.242,3,1,6430000,22808246,0,2916.6099250499997
10000,zscore_mean_reversion,stateful_policy,4.059967,76.245233,2461.592634,0.0,0.0,4722.774,2117.4,3,1,6430000,21689032,0,2916.6099250499997
10000,adx_trend_following,stateful_policy_instrumented,4.4587,77.710533,2694.176165,988.932367,912.822033,5046.980633,1981.383,3,1,6430000,21669032,0,2916.6099250499997
10000,aroon_trend,stateful_policy_instrumented,4.3482,79.230533,2869.160862,976.264533,900.4205,5200.774333,1922.791,3,1,6430000,21589038,0,2916.6099250499997
10000,atr_volatility_breakout,stateful_policy_instrumented,4.627033,75.283567,2598.448733,965.768533,891.1463,4900.462433,2040.624,3,1,6430000,21709032,0,2916.6099250499997
10000,bollinger_mean_reversion,stateful_policy_instrumented,3.9381,72.785667,1307.091831,908.290833,838.312067,3487.3548,2867.503,3,1,6430000,21719026,0,2916.6099250499997
10000,bollinger_squeeze_breakout,stateful_policy_instrumented,3.3623,72.499133,2413.582965,906.887433,837.2046,4559.582767,2193.183,3,1,6430000,22948739,0,2916.6099250499997
10000,cci_trend_pullback,stateful_policy_instrumented,4.2137,74.821367,4096.881534,1073.507033,993.636633,6569.7088,1522.137,3,1,6430000,22788252,0,2916.6099250499997
10000,chandelier_exit_trend,stateful_policy_instrumented,3.4654,69.857267,2833.602631,976.9292,902.087967,5142.2846,1944.661,3,1,6430000,21689038,0,2916.6099250499997
10000,connors_rsi_mean_reversion,stateful_policy_instrumented,4.149833,129.416867,3058.048135,1241.0855,1156.8002,5918.938267,1689.492,3,1,6430000,22938039,0,2916.6099250499997
10000,donchian_breakout,stateful_policy_instrumented,4.379367,71.383367,1919.344467,929.3464,856.921833,4135.355633,2418.172,3,1,6430000,21649032,0,2916.6099250499997
10000,dual_moving_average_crossover,stateful_policy_instrumented,3.956233,69.1092,2579.474272,971.795067,894.8123,4867.6746,2054.369,3,1,6430000,21769032,0,2916.6099250499997
10000,elder_impulse_system,stateful_policy_instrumented,3.493767,76.294833,3009.140535,994.848933,918.6822,5356.749233,1866.804,3,1,6430000,21679038,0,2916.6099250499997
10000,ema_ribbon_trend,stateful_policy_instrumented,4.133533,70.2642,2495.563565,936.405767,863.958433,4718.369067,2119.376,3,1,6430000,21639032,0,2916.6099250499997
10000,engulfing_confirmation_trend,stateful_policy_instrumented,3.513733,72.542733,2746.998034,947.5899,875.892767,4976.108567,2009.602,3,1,6430000,22988628,0,2916.6099250499997
10000,heikin_ashi_trend,stateful_policy_instrumented,3.9417,70.628667,2982.620531,953.984,881.024767,5245.8275,1906.277,3,1,6430000,21649038,0,2916.6099250499997
10000,ichimoku_cloud_trading,stateful_policy_instrumented,3.639467,72.003,2022.082738,996.218067,923.924667,4391.253833,2277.254,3,1,6430000,22427251,0,2916.6099250499997
10000,inside_bar_breakout,stateful_policy_instrumented,3.4395,76.903467,2904.118366,959.9449,886.9183,5163.060633,1936.836,3,1,6430000,22808746,0,2916.6099250499997
10000,keltner_channel_breakout,stateful_policy_instrumented,4.136867,75.516533,2544.108268,911.127933,840.9695,4725.36,2116.241,3,1,6430000,21719032,0,2916.6099250499997
10000,macd_momentum,stateful_policy_instrumented,3.6776,77.828267,2540.864701,916.858933,845.7886,4730.644333,2113.877,3,1,6430000,21609032,0,2916.6099250499997
10000,momentum_acceleration_breakout,stateful_policy_instrumented,3.806167,76.213433,2880.679033,998.403733,922.5518,5226.477267,1913.335,3,1,6430000,23028624,0,2916.6099250499997
10000,nr4_nr7_volatility_breakout,stateful_policy_instrumented,3.4225,72.332633,2718.130803,946.542467,873.4409,4949.6318,2020.352,3,1,6430000,22968090,0,2916.6099250499997
10000,opening_range_breakout,stateful_policy_instrumented,3.958067,74.639833,4991.602302,959.074433,877.975267,7305.854233,1368.765,3,1,6430000,22868743,0,2916.6099250499997
10000,parabolic_sar_trend,stateful_policy_instrumented,3.1883,69.600867,2414.179664,919.7473,848.714833,4598.0579,2174.831,3,1,6430000,21669032,0,2916.6099250499997
10000,pin_bar_rejection,stateful_policy_instrumented,3.291267,71.1874,3543.887433,1067.021733,991.0478,6093.2922,1641.149,3,1,6430000,24958586,0,2916.6099250499997
10000,pivot_range_breakout,stateful_policy_instrumented,3.6398,69.1823,2765.566599,853.216767,779.5013,4910.590367,2036.415,3,1,6430000,22828644,0,2916.6099250499997
10000,price_channel_trend,stateful_policy_instrumented,3.552033,67.837967,2679.785332,933.838267,861.6954,4887.118533,2046.196,3,1,6430000,21669038,0,2916.6099250499997
10000,rsi_pullback_trend,stateful_policy_instrumented,3.342433,66.774233,2423.004133,940.3623,868.169533,4628.098733,2160.714,3,1,6430000,22788747,0,2916.6099250499997
10000,stochastic_pullback_trend,stateful_policy_instrumented,3.523667,69.930533,4104.077266,1032.399567,955.744267,6457.602267,1548.562,3,1,6430000,22928210,0,2916.6099250499997
10000,supertrend_trend_following,stateful_policy_instrumented,3.463267,70.494033,2706.794304,954.5978,884.426533,4981.955467,2007.244,3,1,6430000,22558821,0,2916.6099250499997
10000,support_resistance_bounce,stateful_policy_instrumented,3.688833,76.0586,2845.432834,992.0224,921.007767,5176.255233,1931.899,3,1,6430000,23378752,0,2916.6099250499997
10000,triple_screen_trading,stateful_policy_instrumented,6.481667,206.999533,3137.248899,1006.325733,928.955233,6309.566867,1584.895,3,1,9108738,25072751,0,2916.6099250499997
10000,turtle_trading,stateful_policy_instrumented,3.818833,67.1318,1779.335867,912.455233,842.428667,3943.442,2535.856,3,1,6430000,21619032,0,2916.6099250499997
10000,volume_expansion_breakout,stateful_policy_instrumented,3.647533,72.2862,2898.474901,942.6229,871.517967,5115.979133,1954.66,3,1,6430000,22928634,0,2916.6099250499997
10000,vwap_mean_reversion,stateful_policy_instrumented,3.721633,71.4924,2396.588594,906.502133,836.396533,4557.875133,2194.005,3,1,6430000,21669032,0,2916.6099250499997
10000,williams_r_reversal,stateful_policy_instrumented,3.175767,72.313733,3755.412968,984.416333,911.3819,6008.035333,1664.438,3,1,6430000,22808246,0,2916.6099250499997
10000,zscore_mean_reversion,stateful_policy_instrumented,3.385167,70.7881,2413.516737,945.203167,872.590467,4652.337567,2149.457,3,1,6430000,21689032,0,2916.6099250499997
