Strategy ID,Strategy Name,Strategy Source,Template Type,Pair,Timeframe,SL %,TP %,ROI %,Profit Factor,Total PnL %,Win Rate %,Max Drawdown %,Trades,Expectancy,Runtime Seconds,PF Score,PnL Score,Win Score,DD Score,Trade Score,Overall Score
HYB001_EMA50_100_RSI14_VOL1P2_SL1P5_TP3P0,Generated Hybrid EMA 50/100 RSI 14 Vol 1.2,GENERATED,hybrid,ETHUSDT,15m,2.0,3.0,72.34,1.19,62.0,45.08,-20.37,244.0,29.65,40.9,14.875,25.0,15.026666666666666,9.815000000000001,10.0,74.71666666666667
VOL001_EMA20_100_VOL1P2_SL1P0_TP2P0,Generated Volume EMA 20/100 Vol 1.2,GENERATED,volume,SOLUSDT,15m,2.5,2.0,48.36,1.07,50.5,58.07,-28.03,446.0,10.84,31.12,13.375,25.0,19.356666666666666,5.985,10.0,73.71666666666667
VOL001_EMA20_100_VOL1P2_SL1P0_TP3P0,Generated Volume EMA 20/100 Vol 1.2,GENERATED,volume,SOLUSDT,15m,2.5,2.0,48.36,1.07,50.5,58.07,-28.03,446.0,10.84,31.43,13.375,25.0,19.356666666666666,5.985,10.0,73.71666666666667
HYB001_EMA20_200_RSI14_VOL1P5_SL1P5_TP3P0,Generated Hybrid EMA 20/200 RSI 14 Vol 1.5,GENERATED,hybrid,ETHUSDT,15m,2.0,5.0,86.41,1.28,71.0,35.03,-17.6,157.0,55.04,40.74,16.0,25.0,11.676666666666666,11.2,7.8500000000000005,71.72666666666666
HYB001_EMA20_100_RSI14_VOL1P2_SL1P5_TP3P0,Generated Hybrid EMA 20/100 RSI 14 Vol 1.2,GENERATED,hybrid,SOLUSDT,15m,2.0,3.0,69.86,1.13,63.0,43.87,-25.28,326.0,21.43,40.55,14.124999999999998,25.0,14.623333333333333,7.359999999999999,10.0,71.10833333333333
VOL001_EMA20_100_VOL1P5_SL1P0_TP2P0,Generated Volume EMA 20/100 Vol 1.5,GENERATED,volume,SOLUSDT,15m,2.0,2.0,56.43,1.09,54.0,52.92,-32.0,463.0,12.19,30.99,13.625000000000002,25.0,17.64,3.999999999999999,10.0,70.265
VOL001_EMA20_100_VOL1P5_SL1P0_TP3P0,Generated Volume EMA 20/100 Vol 1.5,GENERATED,volume,SOLUSDT,15m,2.0,2.0,56.43,1.09,54.0,52.92,-32.0,463.0,12.19,31.42,13.625000000000002,25.0,17.64,3.999999999999999,10.0,70.265
HYB001_EMA20_100_RSI14_VOL1P5_SL1P5_TP3P0,Generated Hybrid EMA 20/100 RSI 14 Vol 1.5,GENERATED,hybrid,ETHUSDT,15m,1.5,5.0,55.56,1.16,53.0,26.85,-19.39,216.0,25.72,40.72,14.499999999999998,25.0,8.95,10.305,10.0,68.755
HYB001_EMA20_200_RSI14_VOL1P2_SL1P5_TP3P0,Generated Hybrid EMA 20/200 RSI 14 Vol 1.2,GENERATED,hybrid,ETHUSDT,15m,2.0,5.0,56.73,1.18,54.0,33.14,-21.53,169.0,33.57,40.82,14.75,25.0,11.046666666666667,9.235,8.45,68.48166666666667
TRD001_EMA20_100_RSI14_PB45_SL1P0_TP2P0,Generated Trend EMA 20/100 RSI 14,GENERATED,trend,SOLUSDT,15m,2.0,3.0,51.21,1.09,52.0,42.98,-29.85,349.0,14.67,31.34,13.625000000000002,25.0,14.326666666666664,5.074999999999998,10.0,68.02666666666667
TRD001_EMA20_200_RSI14_PB40_SL1P0_TP2P0,Generated Trend EMA 20/200 RSI 14,GENERATED,trend,ETHUSDT,15m,2.5,3.0,31.86,1.09,36.0,48.42,-21.34,221.0,14.42,55.69,13.625000000000002,18.0,16.14,9.33,10.0,67.095
TRD001_EMA20_200_RSI14_PB40_SL1P0_TP3P0,Generated Trend EMA 20/200 RSI 14,GENERATED,trend,ETHUSDT,15m,2.5,3.0,31.86,1.09,36.0,48.42,-21.34,221.0,14.42,30.61,13.625000000000002,18.0,16.14,9.33,10.0,67.095
VOL001_EMA20_200_VOL1P2_SL1P0_TP2P0,Generated Volume EMA 20/200 Vol 1.2,GENERATED,volume,ETHUSDT,15m,2.5,3.0,39.91,1.1,42.5,48.73,-28.88,236.0,16.91,31.6,13.750000000000002,21.25,16.243333333333332,5.5600000000000005,10.0,66.80333333333334
PLB001_EMA20_100_RSI14_BUY40_SL1P0_TP2P0,Generated Pullback EMA 20/100 RSI 40,GENERATED,pullback,SOLUSDT,15m,2.0,3.0,50.98,1.09,52.0,42.94,-33.98,354.0,14.4,31.72,13.625000000000002,25.0,14.313333333333333,3.0100000000000016,10.0,65.94833333333334
TRD001_EMA20_100_RSI14_PB40_SL1P0_TP2P0,Generated Trend EMA 20/100 RSI 14,GENERATED,trend,SOLUSDT,15m,2.0,3.0,50.98,1.09,52.0,42.94,-33.98,354.0,14.4,31.49,13.625000000000002,25.0,14.313333333333333,3.0100000000000016,10.0,65.94833333333334
TRD001_EMA20_100_RSI14_PB40_SL1P0_TP3P0,Generated Trend EMA 20/100 RSI 14,GENERATED,trend,SOLUSDT,15m,2.0,3.0,50.98,1.09,52.0,42.94,-33.98,354.0,14.4,56.56,13.625000000000002,25.0,14.313333333333333,3.0100000000000016,10.0,65.94833333333334
supertrend_ema_atr,SuperTrend + EMA + ATR SL,FIXED,fixed,SOLUSDT,15m,1.5,3.0,45.55,1.07,48.0,35.68,-27.09,454.0,10.03,40.91,13.375,24.0,11.893333333333334,6.455,10.0,65.72333333333333
VOL001_EMA20_200_VOL1P2_SL1P0_TP2P0,Generated Volume EMA 20/200 Vol 1.2,GENERATED,volume,BNBUSDT,15m,1.0,3.0,48.06,1.14,45.0,28.13,-20.88,359.0,13.39,31.84,14.249999999999998,22.5,9.376666666666667,9.559999999999999,10.0,65.68666666666667
ema_200_candlestick,EMA 200 Trend + Candlestick Confirmation,FIXED,fixed,SOLUSDT,15m,2.5,3.0,52.35,1.08,54.0,48.57,-39.15,315.0,16.62,69.58,13.5,25.0,16.19,0.4249999999999998,10.0,65.115
macd_rsi_volume,MACD + RSI + Volume,FIXED,fixed,SOLUSDT,15m,2.0,3.0,43.34,1.06,49.0,42.29,-33.64,428.0,10.13,41.94,13.25,24.5,14.096666666666666,3.1800000000000006,10.0,65.02666666666667
ema_cross_rsi_filter,EMA 20/50 Cross + RSI Filter,FIXED,fixed,ETHUSDT,15m,1.5,3.0,41.44,1.07,43.5,35.86,-24.98,382.0,10.85,42.72,13.375,21.75,11.953333333333333,7.509999999999999,10.0,64.58833333333334
PLB001_EMA20_200_RSI14_BUY35_SL1P0_TP2P0,Generated Pullback EMA 20/200 RSI 35,GENERATED,pullback,ETHUSDT,15m,1.5,3.0,34.94,1.08,37.5,35.89,-21.5,326.0,10.72,31.5,13.5,18.75,11.963333333333333,9.25,10.0,63.46333333333333
PLB001_EMA20_200_RSI14_BUY35_SL1P0_TP3P0,Generated Pullback EMA 20/200 RSI 35,GENERATED,pullback,ETHUSDT,15m,1.5,3.0,34.94,1.08,37.5,35.89,-21.5,326.0,10.72,31.55,13.5,18.75,11.963333333333333,9.25,10.0,63.46333333333333
ema_200_macd_cross,EMA 200 Filter + MACD Cross,FIXED,fixed,SOLUSDT,15m,1.5,4.0,44.88,1.09,47.0,29.97,-27.46,317.0,14.16,67.89,13.625000000000002,23.5,9.99,6.27,10.0,63.385000000000005
ema_200_macd_cross,EMA 200 Filter + MACD Cross,FIXED,fixed,XRPUSDT,15m,1.0,4.0,44.76,1.1,45.0,22.4,-20.7,375.0,11.94,42.95,13.750000000000002,22.5,7.466666666666666,9.65,10.0,63.36666666666667
PLB001_EMA20_100_RSI14_BUY35_SL1P0_TP2P0,Generated Pullback EMA 20/100 RSI 35,GENERATED,pullback,ETHUSDT,15m,1.5,3.0,33.77,1.07,37.5,35.62,-22.08,365.0,9.25,30.9,13.375,18.75,11.873333333333333,8.96,10.0,62.958333333333336
PLB001_EMA20_100_RSI14_BUY35_SL1P0_TP3P0,Generated Pullback EMA 20/100 RSI 35,GENERATED,pullback,ETHUSDT,15m,1.5,3.0,33.77,1.07,37.5,35.62,-22.08,365.0,9.25,31.08,13.375,18.75,11.873333333333333,8.96,10.0,62.958333333333336
HYB001_EMA20_100_RSI14_VOL1P2_SL1P5_TP3P0,Generated Hybrid EMA 20/100 RSI 14 Vol 1.2,GENERATED,hybrid,ETHUSDT,15m,1.5,5.0,38.8,1.11,42.0,25.86,-22.53,232.0,16.72,40.83,13.875000000000002,21.0,8.62,8.735,10.0,62.23
PLB001_EMA20_100_RSI14_BUY40_SL1P0_TP2P0,Generated Pullback EMA 20/100 RSI 40,GENERATED,pullback,ETHUSDT,15m,1.5,3.0,33.95,1.07,37.5,35.65,-24.4,359.0,9.46,31.56,13.375,18.75,11.883333333333333,7.800000000000001,10.0,61.80833333333334
TRD001_EMA20_100_RSI14_PB40_SL1P0_TP2P0,Generated Trend EMA 20/100 RSI 14,GENERATED,trend,ETHUSDT,15m,1.5,3.0,33.95,1.07,37.5,35.65,-24.4,359.0,9.46,31.19,13.375,18.75,11.883333333333333,7.800000000000001,10.0,61.80833333333334
TRD001_EMA20_100_RSI14_PB40_SL1P0_TP3P0,Generated Trend EMA 20/100 RSI 14,GENERATED,trend,ETHUSDT,15m,1.5,3.0,33.95,1.07,37.5,35.65,-24.4,359.0,9.46,227.83,13.375,18.75,11.883333333333333,7.800000000000001,10.0,61.80833333333334
ema_200_macd_cross,EMA 200 Filter + MACD Cross,FIXED,fixed,ETHUSDT,15m,1.0,3.0,34.38,1.09,36.0,27.18,-18.6,412.0,8.34,69.58,13.625000000000002,18.0,9.06,10.7,10.0,61.385000000000005
ema_trend_rsi_pullback,EMA Trend + RSI Pullback,FIXED,fixed,SOLUSDT,15m,1.5,4.0,42.71,1.09,45.5,29.87,-30.3,318.0,13.43,40.99,13.625000000000002,22.75,9.956666666666667,4.849999999999999,10.0,61.181666666666665
supertrend_ema_atr,SuperTrend + EMA + ATR SL,FIXED,fixed,ETHUSDT,15m,1.5,3.0,28.01,1.06,33.0,35.36,-23.86,362.0,7.74,41.16,13.25,16.5,11.786666666666667,8.07,10.0,59.60666666666667
HYB001_EMA20_100_RSI14_VOL1P5_SL1P5_TP3P0,Generated Hybrid EMA 20/100 RSI 14 Vol 1.5,GENERATED,hybrid,SOLUSDT,15m,2.0,2.0,24.44,1.05,30.0,51.84,-32.24,407.0,6.0,104.74,13.125,15.0,17.28,3.879999999999999,10.0,59.285
VOL001_EMA20_200_VOL1P2_SL1P0_TP2P0,Generated Volume EMA 20/200 Vol 1.2,GENERATED,volume,SOLUSDT,15m,2.5,3.0,21.29,1.04,31.0,47.27,-30.37,311.0,6.85,30.34,13.0,15.5,15.756666666666668,4.815,10.0,59.071666666666665
TRD001_EMA20_100_RSI14_PB45_SL1P0_TP2P0,Generated Trend EMA 20/100 RSI 14,GENERATED,trend,ETHUSDT,15m,1.5,3.0,30.13,1.07,34.5,35.49,-27.65,355.0,8.49,31.03,13.375,17.25,11.83,6.175000000000002,10.0,58.63
ema_trend_rsi_pullback,EMA Trend + RSI Pullback,FIXED,fixed,ETHUSDT,15m,1.5,3.0,32.73,1.07,36.0,35.74,-29.42,333.0,9.83,40.99,13.375,18.0,11.913333333333334,5.289999999999999,10.0,58.57833333333333
VOL001_EMA20_100_VOL1P2_SL1P0_TP2P0,Generated Volume EMA 20/100 Vol 1.2,GENERATED,volume,ETHUSDT,15m,1.5,5.0,34.95,1.09,40.0,25.49,-27.46,255.0,13.71,31.17,13.625000000000002,20.0,8.496666666666666,6.27,10.0,58.391666666666666
VOL001_EMA20_100_VOL1P2_SL1P0_TP3P0,Generated Volume EMA 20/100 Vol 1.2,GENERATED,volume,ETHUSDT,15m,1.5,5.0,34.95,1.09,40.0,25.49,-27.46,255.0,13.71,31.43,13.625000000000002,20.0,8.496666666666666,6.27,10.0,58.391666666666666
BRK001_EMA50_100_ATR14_SL1P5_TP3P0,Generated Breakout EMA 50/100 ATR 14,GENERATED,breakout,ETHUSDT,15m,2.0,5.0,34.0,1.1,39.0,31.55,-29.61,187.0,18.18,40.87,13.750000000000002,19.5,10.516666666666667,5.195,9.350000000000001,58.31166666666667
PLB001_EMA20_100_RSI14_BUY35_SL1P0_TP2P0,Generated Pullback EMA 20/100 RSI 35,GENERATED,pullback,SOLUSDT,15m,2.0,5.0,39.47,1.09,45.0,31.42,-37.41,226.0,17.46,31.12,13.625000000000002,22.5,10.473333333333334,1.2950000000000017,10.0,57.89333333333334
PLB001_EMA20_100_RSI14_BUY35_SL1P0_TP3P0,Generated Pullback EMA 20/100 RSI 35,GENERATED,pullback,SOLUSDT,15m,2.0,5.0,39.47,1.09,45.0,31.42,-37.41,226.0,17.46,31.14,13.625000000000002,22.5,10.473333333333334,1.2950000000000017,10.0,57.89333333333334
VOL001_EMA20_100_VOL1P5_SL1P0_TP2P0,Generated Volume EMA 20/100 Vol 1.5,GENERATED,volume,ETHUSDT,15m,1.5,5.0,31.56,1.08,37.0,25.41,-25.94,244.0,12.94,31.39,13.5,18.5,8.469999999999999,7.0299999999999985,10.0,57.5
VOL001_EMA20_100_VOL1P5_SL1P0_TP3P0,Generated Volume EMA 20/100 Vol 1.5,GENERATED,volume,ETHUSDT,15m,1.5,5.0,31.56,1.08,37.0,25.41,-25.94,244.0,12.94,31.3,13.5,18.5,8.469999999999999,7.0299999999999985,10.0,57.5
BRK001_EMA20_100_ATR14_SL1P5_TP3P0,Generated Breakout EMA 20/100 ATR 14,GENERATED,breakout,ETHUSDT,15m,2.0,5.0,33.08,1.08,39.0,31.34,-32.86,201.0,16.46,41.4,13.5,19.5,10.446666666666665,3.57,10.0,57.016666666666666
BRK001_EMA20_100_ATR14_SL1P5_TP4P0,Generated Breakout EMA 20/100 ATR 14,GENERATED,breakout,ETHUSDT,15m,2.0,5.0,33.08,1.08,39.0,31.34,-32.86,201.0,16.46,40.62,13.5,19.5,10.446666666666665,3.57,10.0,57.016666666666666
ema_cross_rsi_filter,EMA 20/50 Cross + RSI Filter,FIXED,fixed,SOLUSDT,15m,1.5,4.0,33.8,1.07,40.5,29.27,-33.06,369.0,9.16,41.33,13.375,20.25,9.756666666666668,3.4699999999999998,10.0,56.85166666666667
BRK001_EMA20_100_ATR14_SL1P5_TP3P0,Generated Breakout EMA 20/100 ATR 14,GENERATED,breakout,SOLUSDT,15m,2.0,5.0,38.99,1.09,45.0,31.33,-39.59,233.0,16.74,41.28,13.625000000000002,22.5,10.443333333333333,0.2049999999999974,10.0,56.77333333333333
BRK001_EMA20_100_ATR14_SL1P5_TP4P0,Generated Breakout EMA 20/100 ATR 14,GENERATED,breakout,SOLUSDT,15m,2.0,5.0,38.99,1.09,45.0,31.33,-39.59,233.0,16.74,41.33,13.625000000000002,22.5,10.443333333333333,0.2049999999999974,10.0,56.77333333333333
VOL001_EMA20_200_VOL1P2_SL1P0_TP2P0,Generated Volume EMA 20/200 Vol 1.2,GENERATED,volume,BTCUSDT,15m,1.5,2.0,8.91,1.04,12.0,44.35,-16.72,230.0,3.87,31.56,13.0,6.0,14.783333333333333,11.64,10.0,55.42333333333333
BRK001_EMA20_200_ATR14_SL1P5_TP3P0,Generated Breakout EMA 20/200 ATR 14,GENERATED,breakout,ETHUSDT,15m,2.0,5.0,26.12,1.08,33.0,31.05,-29.12,190.0,13.75,41.17,13.5,16.5,10.35,5.44,9.5,55.29
BRK001_EMA20_200_ATR14_SL1P5_TP4P0,Generated Breakout EMA 20/200 ATR 14,GENERATED,breakout,ETHUSDT,15m,2.0,5.0,26.12,1.08,33.0,31.05,-29.12,190.0,13.75,40.84,13.5,16.5,10.35,5.44,9.5,55.29
BRK001_EMA20_200_ATR14_SL1P5_TP3P0,Generated Breakout EMA 20/200 ATR 14,GENERATED,breakout,BNBUSDT,15m,1.5,4.0,33.43,1.11,35.5,30.33,-33.58,211.0,15.84,41.12,13.875000000000002,17.75,10.11,3.2100000000000017,10.0,54.945
BRK001_EMA20_200_ATR14_SL1P5_TP4P0,Generated Breakout EMA 20/200 ATR 14,GENERATED,breakout,BNBUSDT,15m,1.5,4.0,33.43,1.11,35.5,30.33,-33.58,211.0,15.84,41.52,13.875000000000002,17.75,10.11,3.2100000000000017,10.0,54.945
HYB001_EMA20_200_RSI14_VOL1P5_SL1P5_TP3P0,Generated Hybrid EMA 20/200 RSI 14 Vol 1.5,GENERATED,hybrid,XRPUSDT,15m,1.5,3.0,22.94,1.07,27.0,35.51,-27.94,276.0,8.31,40.36,13.375,13.5,11.836666666666666,6.029999999999999,10.0,54.74166666666667
HYB001_EMA20_200_RSI14_VOL1P2_SL1P5_TP3P0,Generated Hybrid EMA 20/200 RSI 14 Vol 1.2,GENERATED,hybrid,SOLUSDT,15m,2.0,3.0,17.1,1.04,25.0,41.64,-30.43,305.0,5.61,40.96,13.0,12.5,13.88,4.784999999999999,10.0,54.165
PLB001_EMA20_200_RSI14_BUY35_SL1P0_TP2P0,Generated Pullback EMA 20/200 RSI 35,GENERATED,pullback,SOLUSDT,15m,2.0,3.0,20.49,1.04,29.0,41.69,-35.03,343.0,5.97,31.42,13.0,14.499999999999998,13.896666666666667,2.4849999999999994,10.0,53.88166666666667
PLB001_EMA20_200_RSI14_BUY35_SL1P0_TP3P0,Generated Pullback EMA 20/200 RSI 35,GENERATED,pullback,SOLUSDT,15m,2.0,3.0,20.49,1.04,29.0,41.69,-35.03,343.0,5.97,31.37,13.0,14.499999999999998,13.896666666666667,2.4849999999999994,10.0,53.88166666666667
HYB001_EMA20_100_RSI14_VOL1P5_SL1P5_TP3P0,Generated Hybrid EMA 20/100 RSI 14 Vol 1.5,GENERATED,hybrid,XRPUSDT,15m,1.0,4.0,25.73,1.08,30.0,21.76,-23.77,340.0,7.57,105.03,13.5,15.0,7.253333333333334,8.115000000000002,10.0,53.86833333333333
HYB001_EMA20_200_RSI14_VOL1P2_SL1P5_TP3P0,Generated Hybrid EMA 20/200 RSI 14 Vol 1.2,GENERATED,hybrid,BNBUSDT,15m,1.0,3.0,22.33,1.08,25.0,27.01,-26.64,311.0,7.18,41.13,13.5,12.5,9.003333333333334,6.68,10.0,51.68333333333333
ema_trend_rsi_pullback,EMA Trend + RSI Pullback,FIXED,fixed,XRPUSDT,15m,1.0,4.0,23.26,1.05,29.0,21.48,-27.38,391.0,5.95,41.39,13.125,14.499999999999998,7.16,6.3100000000000005,10.0,51.095
bollinger_reversal_rsi,Bollinger Band Reversal + RSI,FIXED,fixed,SOLUSDT,15m,2.5,3.0,7.5,1.01,25.5,46.41,-46.28,487.0,1.54,190.62,12.625,12.75,15.469999999999999,0.0,10.0,50.845
supertrend_rsi,SuperTrend + RSI,FIXED,fixed,SOLUSDT,15m,2.5,3.0,7.5,1.01,25.5,46.41,-46.28,487.0,1.54,32.15,12.625,12.75,15.469999999999999,0.0,10.0,50.845
ema_200_candlestick,EMA 200 Trend + Candlestick Confirmation,FIXED,fixed,ETHUSDT,15m,2.0,5.0,21.13,1.06,29.0,30.73,-34.2,192.0,11.0,70.11,13.25,14.499999999999998,10.243333333333332,2.899999999999998,9.6,50.49333333333333
TRD001_EMA20_200_RSI14_PB40_SL1P0_TP2P0,Generated Trend EMA 20/200 RSI 14,GENERATED,trend,BNBUSDT,15m,2.5,4.0,23.69,1.09,28.5,41.55,-36.79,142.0,16.69,30.55,13.625000000000002,14.249999999999998,13.85,1.6050000000000009,7.1,50.43000000000001
TRD001_EMA20_200_RSI14_PB40_SL1P0_TP3P0,Generated Trend EMA 20/200 RSI 14,GENERATED,trend,BNBUSDT,15m,2.5,4.0,23.69,1.09,28.5,41.55,-36.79,142.0,16.69,30.82,13.625000000000002,14.249999999999998,13.85,1.6050000000000009,7.1,50.43000000000001
macd_rsi_volume,MACD + RSI + Volume,FIXED,fixed,ETHUSDT,15m,1.5,3.0,19.14,1.03,27.0,34.77,-35.54,417.0,4.59,41.47,12.875,13.5,11.59,2.230000000000001,10.0,50.19500000000001
TRD001_EMA20_200_RSI14_PB40_SL1P0_TP2P0,Generated Trend EMA 20/200 RSI 14,GENERATED,trend,SOLUSDT,15m,2.0,3.0,13.74,1.03,23.0,41.37,-36.24,336.0,4.09,30.15,12.875,11.5,13.79,1.8799999999999994,10.0,50.045
TRD001_EMA20_200_RSI14_PB40_SL1P0_TP3P0,Generated Trend EMA 20/200 RSI 14,GENERATED,trend,SOLUSDT,15m,2.0,3.0,13.74,1.03,23.0,41.37,-36.24,336.0,4.09,30.85,12.875,11.5,13.79,1.8799999999999994,10.0,50.045
HYB001_EMA50_100_RSI14_VOL1P2_SL1P5_TP3P0,Generated Hybrid EMA 50/100 RSI 14 Vol 1.2,GENERATED,hybrid,BTCUSDT,15m,1.5,2.0,-0.9,1.0,2.5,43.17,-16.54,227.0,-0.39,40.88,12.5,1.25,14.39,11.73,10.0,49.870000000000005
VOL001_EMA20_100_VOL1P5_SL1P0_TP2P0,Generated Volume EMA 20/100 Vol 1.5,GENERATED,volume,BTCUSDT,15m,1.5,2.0,-0.95,1.0,3.0,43.18,-17.24,264.0,-0.36,31.53,12.5,1.5,14.393333333333334,11.38,10.0,49.77333333333333
VOL001_EMA20_100_VOL1P5_SL1P0_TP3P0,Generated Volume EMA 20/100 Vol 1.5,GENERATED,volume,BTCUSDT,15m,1.5,2.0,-0.95,1.0,3.0,43.18,-17.24,264.0,-0.36,31.36,12.5,1.5,14.393333333333334,11.38,10.0,49.77333333333333
BRK001_EMA20_200_ATR14_SL1P5_TP3P0,Generated Breakout EMA 20/200 ATR 14,GENERATED,breakout,SOLUSDT,15m,2.0,3.0,16.63,1.03,26.0,41.48,-40.72,352.0,4.72,40.61,12.875,13.0,13.826666666666664,0.0,10.0,49.70166666666667
BRK001_EMA20_200_ATR14_SL1P5_TP4P0,Generated Breakout EMA 20/200 ATR 14,GENERATED,breakout,SOLUSDT,15m,2.0,3.0,16.63,1.03,26.0,41.48,-40.72,352.0,4.72,40.7,12.875,13.0,13.826666666666664,0.0,10.0,49.70166666666667
HYB001_EMA20_200_RSI14_VOL1P5_SL1P5_TP3P0,Generated Hybrid EMA 20/200 RSI 14 Vol 1.5,GENERATED,hybrid,BNBUSDT,15m,2.0,3.0,14.23,1.05,19.0,42.02,-33.08,188.0,7.57,41.19,13.125,9.5,14.006666666666668,3.460000000000001,9.399999999999999,49.49166666666667
VOL001_EMA20_100_VOL1P5_SL1P0_TP2P0,Generated Volume EMA 20/100 Vol 1.5,GENERATED,volume,XRPUSDT,15m,1.0,4.0,17.21,1.04,24.0,21.21,-25.25,396.0,4.35,31.22,13.0,12.0,7.07,7.375,10.0,49.445
VOL001_EMA20_100_VOL1P5_SL1P0_TP3P0,Generated Volume EMA 20/100 Vol 1.5,GENERATED,volume,XRPUSDT,15m,1.0,4.0,17.21,1.04,24.0,21.21,-25.25,396.0,4.35,31.56,13.0,12.0,7.07,7.375,10.0,49.445
BRK001_EMA50_100_ATR14_SL1P5_TP3P0,Generated Breakout EMA 50/100 ATR 14,GENERATED,breakout,SOLUSDT,15m,1.5,3.0,20.87,1.04,28.5,34.84,-39.02,419.0,4.98,41.21,13.0,14.249999999999998,11.613333333333335,0.4899999999999993,10.0,49.35333333333334
VOL001_EMA20_100_VOL1P2_SL1P0_TP2P0,Generated Volume EMA 20/100 Vol 1.2,GENERATED,volume,BTCUSDT,15m,1.5,2.0,-0.59,1.0,3.5,43.22,-19.41,273.0,-0.22,31.16,12.5,1.7500000000000002,14.406666666666666,10.295000000000002,10.0,48.95166666666667
VOL001_EMA20_100_VOL1P2_SL1P0_TP3P0,Generated Volume EMA 20/100 Vol 1.2,GENERATED,volume,BTCUSDT,15m,1.5,2.0,-0.59,1.0,3.5,43.22,-19.41,273.0,-0.22,31.65,12.5,1.7500000000000002,14.406666666666666,10.295000000000002,10.0,48.95166666666667
BRK001_EMA50_100_ATR14_SL1P5_TP3P0,Generated Breakout EMA 50/100 ATR 14,GENERATED,breakout,BNBUSDT,15m,1.5,4.0,25.6,1.09,29.5,29.77,-38.99,215.0,11.91,41.52,13.625000000000002,14.75,9.923333333333332,0.5049999999999999,10.0,48.803333333333335
HYB001_EMA20_200_RSI14_VOL1P2_SL1P5_TP3P0,Generated Hybrid EMA 20/200 RSI 14 Vol 1.2,GENERATED,hybrid,BTCUSDT,15m,1.5,2.0,-1.26,0.99,2.0,43.12,-18.18,218.0,-0.58,105.3,12.375,1.0,14.373333333333333,10.91,10.0,48.65833333333333
BRK001_EMA50_100_ATR14_SL1P5_TP3P0,Generated Breakout EMA 50/100 ATR 14,GENERATED,breakout,BTCUSDT,15m,2.0,2.0,-3.73,0.98,0.0,50.0,-19.94,190.0,-1.96,41.21,12.25,0.0,16.666666666666668,10.03,9.5,48.446666666666665
PLB001_EMA20_200_RSI14_BUY35_SL1P0_TP2P0,Generated Pullback EMA 20/200 RSI 35,GENERATED,pullback,BNBUSDT,15m,2.0,5.0,24.5,1.1,29.0,31.62,-34.38,136.0,18.01,32.08,13.750000000000002,14.499999999999998,10.540000000000001,2.809999999999999,6.800000000000001,48.400000000000006
PLB001_EMA20_200_RSI14_BUY35_SL1P0_TP3P0,Generated Pullback EMA 20/200 RSI 35,GENERATED,pullback,BNBUSDT,15m,2.0,5.0,24.5,1.1,29.0,31.62,-34.38,136.0,18.01,31.44,13.750000000000002,14.499999999999998,10.540000000000001,2.809999999999999,6.800000000000001,48.400000000000006
supertrend_ema_atr,SuperTrend + EMA + ATR SL,FIXED,fixed,BTCUSDT,15m,1.5,2.0,-4.8,0.98,-1.0,42.75,-18.23,262.0,-1.83,41.15,12.25,0.0,14.25,10.885,10.0,47.385
HYB001_EMA20_200_RSI14_VOL1P5_SL1P5_TP3P0,Generated Hybrid EMA 20/200 RSI 14 Vol 1.5,GENERATED,hybrid,BTCUSDT,15m,2.0,2.0,-7.28,0.96,-4.0,49.44,-20.18,178.0,-4.09,41.05,12.0,0.0,16.48,9.91,8.9,47.29
TRD001_EMA20_100_RSI14_PB45_SL1P0_TP2P0,Generated Trend EMA 20/100 RSI 14,GENERATED,trend,BTCUSDT,15m,2.0,2.0,-11.63,0.95,-8.0,49.08,-23.01,218.0,-5.33,31.16,11.875,0.0,16.36,8.495,10.0,46.73
HYB001_EMA50_100_RSI14_VOL1P2_SL1P5_TP3P0,Generated Hybrid EMA 50/100 RSI 14 Vol 1.2,GENERATED,hybrid,BNBUSDT,15m,1.0,3.0,23.41,1.08,26.0,27.04,-37.98,318.0,7.36,41.3,13.5,13.0,9.013333333333334,1.010000000000002,10.0,46.52333333333334
TRD001_EMA20_100_RSI14_PB45_SL1P0_TP2P0,Generated Trend EMA 20/100 RSI 14,GENERATED,trend,BNBUSDT,15m,1.0,5.0,28.03,1.09,32.0,18.61,-39.17,274.0,10.23,31.45,13.625000000000002,16.0,6.203333333333333,0.4149999999999987,10.0,46.24333333333333
HYB001_EMA50_100_RSI14_VOL1P2_SL1P5_TP3P0,Generated Hybrid EMA 50/100 RSI 14 Vol 1.2,GENERATED,hybrid,SOLUSDT,15m,2.0,3.0,5.69,1.01,15.0,40.95,-35.75,315.0,1.81,40.62,12.625,7.5,13.65,2.124999999999999,10.0,45.9
BRK001_EMA20_200_ATR14_SL1P5_TP3P0,Generated Breakout EMA 20/200 ATR 14,GENERATED,breakout,BTCUSDT,15m,2.0,2.0,-5.77,0.97,-2.0,49.75,-25.77,197.0,-2.93,40.99,12.125,0.0,16.583333333333336,7.115,9.85,45.67333333333334
BRK001_EMA20_200_ATR14_SL1P5_TP4P0,Generated Breakout EMA 20/200 ATR 14,GENERATED,breakout,BTCUSDT,15m,2.0,2.0,-5.77,0.97,-2.0,49.75,-25.77,197.0,-2.93,40.83,12.125,0.0,16.583333333333336,7.115,9.85,45.67333333333334
TRD001_EMA20_200_RSI14_PB40_SL1P0_TP2P0,Generated Trend EMA 20/200 RSI 14,GENERATED,trend,BTCUSDT,15m,2.0,2.0,-7.65,0.96,-4.0,49.49,-25.77,198.0,-3.87,57.12,12.0,0.0,16.49666666666667,7.115,9.9,45.51166666666667
TRD001_EMA20_200_RSI14_PB40_SL1P0_TP3P0,Generated Trend EMA 20/200 RSI 14,GENERATED,trend,BTCUSDT,15m,2.0,2.0,-7.65,0.96,-4.0,49.49,-25.77,198.0,-3.87,30.57,12.0,0.0,16.49666666666667,7.115,9.9,45.51166666666667
ema_cross_rsi_filter,EMA 20/50 Cross + RSI Filter,FIXED,fixed,XRPUSDT,15m,1.0,4.0,13.87,1.03,22.0,20.99,-31.21,443.0,3.13,41.5,12.875,11.0,6.996666666666666,4.395,10.0,45.266666666666666
PLB001_EMA20_200_RSI14_BUY35_SL1P0_TP2P0,Generated Pullback EMA 20/200 RSI 35,GENERATED,pullback,BTCUSDT,15m,1.5,2.0,-5.83,0.97,-2.5,42.55,-22.14,235.0,-2.48,31.53,12.125,0.0,14.183333333333332,8.93,10.0,45.23833333333333
PLB001_EMA20_200_RSI14_BUY35_SL1P0_TP3P0,Generated Pullback EMA 20/200 RSI 35,GENERATED,pullback,BTCUSDT,15m,1.5,2.0,-5.83,0.97,-2.5,42.55,-22.14,235.0,-2.48,31.81,12.125,0.0,14.183333333333332,8.93,10.0,45.23833333333333
ema_trend_rsi_pullback,EMA Trend + RSI Pullback,FIXED,fixed,BNBUSDT,15m,1.0,5.0,22.29,1.08,27.0,18.39,-35.95,261.0,8.54,41.14,13.5,13.5,6.13,2.024999999999999,10.0,45.155
ema_trend_rsi_pullback,EMA Trend + RSI Pullback,FIXED,fixed,BTCUSDT,15m,1.5,3.0,-0.98,0.99,3.0,33.71,-18.35,178.0,-0.55,41.71,12.375,1.5,11.236666666666666,10.825,8.9,44.836666666666666
ema_cross_rsi_filter,EMA 20/50 Cross + RSI Filter,FIXED,fixed,BTCUSDT,15m,1.5,3.0,-3.05,0.99,1.5,33.5,-19.72,206.0,-1.48,42.54,12.375,0.75,11.166666666666668,10.14,10.0,44.43166666666667
macd_rsi_volume,MACD + RSI + Volume,FIXED,fixed,BTCUSDT,15m,1.0,2.0,-0.27,1.0,4.0,33.64,-23.08,428.0,-0.06,41.89,12.5,2.0,11.213333333333333,8.46,10.0,44.17333333333333
candlestick_volume,Candlestick Confirmation + Volume,FIXED,fixed,BNBUSDT,15m,2.0,4.0,8.07,1.01,20.0,34.43,-55.53,305.0,2.65,58.65,12.625,10.0,11.476666666666667,0.0,10.0,44.10166666666667
ema_200_macd_cross,EMA 200 Filter + MACD Cross,FIXED,fixed,BTCUSDT,15m,1.5,4.0,2.13,1.01,6.5,28.08,-17.93,146.0,1.46,70.27,12.625,3.25,9.36,11.035,7.3,43.56999999999999
ema_200_macd_cross,EMA 200 Filter + MACD Cross,FIXED,fixed,BNBUSDT,15m,1.0,5.0,17.81,1.07,23.0,18.18,-35.11,253.0,7.04,69.56,13.375,11.5,6.06,2.4449999999999994,10.0,43.379999999999995
ema_200_candlestick,EMA 200 Trend + Candlestick Confirmation,FIXED,fixed,BTCUSDT,15m,1.5,3.0,-3.93,0.98,0.0,33.33,-19.31,180.0,-2.18,60.72,12.25,0.0,11.11,10.344999999999999,9.0,42.705
VOL001_EMA20_100_VOL1P5_SL1P0_TP2P0,Generated Volume EMA 20/100 Vol 1.5,GENERATED,volume,BNBUSDT,15m,2.0,3.0,5.56,1.02,12.0,41.1,-47.57,219.0,2.54,31.43,12.75,6.0,13.700000000000001,0.0,10.0,42.45
VOL001_EMA20_100_VOL1P5_SL1P0_TP3P0,Generated Volume EMA 20/100 Vol 1.5,GENERATED,volume,BNBUSDT,15m,2.0,3.0,5.56,1.02,12.0,41.1,-47.57,219.0,2.54,31.44,12.75,6.0,13.700000000000001,0.0,10.0,42.45
ema_cross_rsi_filter,EMA 20/50 Cross + RSI Filter,FIXED,fixed,BNBUSDT,15m,1.0,5.0,16.61,1.05,23.0,17.97,-36.79,295.0,5.63,42.26,13.125,11.5,5.99,1.6050000000000009,10.0,42.220000000000006
ema_200_candlestick,EMA 200 Trend + Candlestick Confirmation,FIXED,fixed,BNBUSDT,15m,2.0,5.0,15.01,1.05,22.0,30.57,-43.89,157.0,9.56,69.48,13.125,11.0,10.19,0.0,7.8500000000000005,42.165
HYB001_EMA20_200_RSI14_VOL1P5_SL1P5_TP3P0,Generated Hybrid EMA 20/200 RSI 14 Vol 1.5,GENERATED,hybrid,SOLUSDT,15m,1.5,2.0,-3.16,0.99,3.5,43.08,-32.78,448.0,-0.7,41.05,12.375,1.7500000000000002,14.36,3.61,10.0,42.095
VOL001_EMA20_100_VOL1P2_SL1P0_TP2P0,Generated Volume EMA 20/100 Vol 1.2,GENERATED,volume,BNBUSDT,15m,1.0,4.0,18.34,1.06,23.0,21.55,-40.02,297.0,6.18,31.38,13.25,11.5,7.183333333333334,0.0,10.0,41.93333333333334
VOL001_EMA20_100_VOL1P2_SL1P0_TP3P0,Generated Volume EMA 20/100 Vol 1.2,GENERATED,volume,BNBUSDT,15m,1.0,4.0,18.34,1.06,23.0,21.55,-40.02,297.0,6.18,31.52,13.25,11.5,7.183333333333334,0.0,10.0,41.93333333333334
VOL001_EMA20_200_VOL1P2_SL1P0_TP2P0,Generated Volume EMA 20/200 Vol 1.2,GENERATED,volume,XRPUSDT,15m,1.0,3.0,8.1,1.02,15.0,25.79,-34.09,477.0,1.7,30.07,12.75,7.5,8.596666666666668,2.9549999999999987,10.0,41.80166666666666
supertrend_ema_atr,SuperTrend + EMA + ATR SL,FIXED,fixed,BNBUSDT,15m,2.5,5.0,11.86,1.04,20.0,35.25,-47.02,139.0,8.54,41.62,13.0,10.0,11.75,0.0,6.949999999999999,41.7
candlestick_volume,Candlestick Confirmation + Volume,FIXED,fixed,SOLUSDT,15m,2.5,3.0,-12.88,0.98,7.5,45.69,-54.02,569.0,-2.26,58.75,12.25,3.75,15.229999999999999,0.0,10.0,41.23
PLB001_EMA20_100_RSI14_BUY40_SL1P0_TP2P0,Generated Pullback EMA 20/100 RSI 40,GENERATED,pullback,BNBUSDT,15m,1.0,5.0,16.96,1.06,23.0,18.02,-39.17,283.0,5.99,31.68,13.25,11.5,6.006666666666667,0.4149999999999987,10.0,41.17166666666667
TRD001_EMA20_100_RSI14_PB40_SL1P0_TP2P0,Generated Trend EMA 20/100 RSI 14,GENERATED,trend,BNBUSDT,15m,1.0,5.0,16.96,1.06,23.0,18.02,-39.17,283.0,5.99,31.62,13.25,11.5,6.006666666666667,0.4149999999999987,10.0,41.17166666666667
TRD001_EMA20_100_RSI14_PB40_SL1P0_TP3P0,Generated Trend EMA 20/100 RSI 14,GENERATED,trend,BNBUSDT,15m,1.0,5.0,16.96,1.06,23.0,18.02,-39.17,283.0,5.99,229.29,13.25,11.5,6.006666666666667,0.4149999999999987,10.0,41.17166666666667
HYB001_EMA20_100_RSI14_VOL1P5_SL1P5_TP3P0,Generated Hybrid EMA 20/100 RSI 14 Vol 1.5,GENERATED,hybrid,BTCUSDT,15m,1.0,2.0,-13.91,0.93,-12.0,32.03,-22.37,306.0,-4.55,40.95,11.625,0.0,10.676666666666668,8.815,10.0,41.11666666666667
TRD001_EMA20_200_RSI14_PB40_SL1P0_TP2P0,Generated Trend EMA 20/200 RSI 14,GENERATED,trend,XRPUSDT,15m,1.5,4.0,3.68,1.01,12.5,28.04,-34.84,296.0,1.24,30.61,12.625,6.25,9.346666666666666,2.579999999999998,10.0,40.80166666666666
TRD001_EMA20_200_RSI14_PB40_SL1P0_TP3P0,Generated Trend EMA 20/200 RSI 14,GENERATED,trend,XRPUSDT,15m,1.5,4.0,3.68,1.01,12.5,28.04,-34.84,296.0,1.24,30.89,12.625,6.25,9.346666666666666,2.579999999999998,10.0,40.80166666666666
MRV001_BB20_RSI14_BUY30_SL1P0_TP2P0,Generated Mean Reversion Bollinger 20 RSI 30,GENERATED,mean_reversion,BNBUSDT,15m,2.5,2.0,-14.45,0.98,-3.5,55.39,-52.62,482.0,-3.0,40.84,12.25,0.0,18.463333333333335,0.0,10.0,40.71333333333334
MRV001_BB20_RSI14_BUY30_SL1P5_TP2P0,Generated Mean Reversion Bollinger 20 RSI 30,GENERATED,mean_reversion,BNBUSDT,15m,2.5,2.0,-14.45,0.98,-3.5,55.39,-52.62,482.0,-3.0,40.63,12.25,0.0,18.463333333333335,0.0,10.0,40.71333333333334
HYB001_EMA20_200_RSI14_VOL1P2_SL1P5_TP3P0,Generated Hybrid EMA 20/200 RSI 14 Vol 1.2,GENERATED,hybrid,XRPUSDT,15m,1.0,3.0,5.14,1.01,11.0,25.69,-32.23,397.0,1.3,41.0,12.625,5.5,8.563333333333334,3.8850000000000007,10.0,40.57333333333334
MRV001_BB20_RSI14_BUY35_SL1P0_TP2P0,Generated Mean Reversion Bollinger 20 RSI 35,GENERATED,mean_reversion,SOLUSDT,15m,2.5,2.0,-27.62,0.97,-11.5,55.25,-55.09,829.0,-3.33,41.18,12.125,0.0,18.416666666666664,0.0,10.0,40.541666666666664
MRV001_BB20_RSI14_BUY35_SL1P5_TP2P0,Generated Mean Reversion Bollinger 20 RSI 35,GENERATED,mean_reversion,SOLUSDT,15m,2.5,2.0,-27.62,0.97,-11.5,55.25,-55.09,829.0,-3.33,31.62,12.125,0.0,18.416666666666664,0.0,10.0,40.541666666666664
bollinger_atr_filter,Bollinger + ATR Volatility Filter,FIXED,fixed,SOLUSDT,15m,2.5,2.0,-30.61,0.97,-14.5,55.19,-65.02,877.0,-3.49,41.63,12.125,0.0,18.396666666666665,0.0,10.0,40.52166666666666
HYB001_EMA20_100_RSI14_VOL1P2_SL1P5_TP3P0,Generated Hybrid EMA 20/100 RSI 14 Vol 1.2,GENERATED,hybrid,BNBUSDT,15m,1.0,3.0,12.54,1.04,17.0,26.25,-42.77,339.0,3.7,40.98,13.0,8.5,8.75,0.0,10.0,40.25
BRK001_EMA20_100_ATR14_SL1P5_TP3P0,Generated Breakout EMA 20/100 ATR 14,GENERATED,breakout,BTCUSDT,15m,1.0,2.0,-13.64,0.95,-11.0,32.35,-25.08,374.0,-3.65,41.23,11.875,0.0,10.783333333333333,7.46,10.0,40.11833333333333
BRK001_EMA20_100_ATR14_SL1P5_TP4P0,Generated Breakout EMA 20/100 ATR 14,GENERATED,breakout,BTCUSDT,15m,1.0,2.0,-13.64,0.95,-11.0,32.35,-25.08,374.0,-3.65,40.97,11.875,0.0,10.783333333333333,7.46,10.0,40.11833333333333
HYB001_EMA50_100_RSI14_VOL1P2_SL1P5_TP3P0,Generated Hybrid EMA 50/100 RSI 14 Vol 1.2,GENERATED,hybrid,XRPUSDT,15m,1.0,4.0,7.58,1.02,14.0,20.85,-33.43,331.0,2.29,40.74,12.75,7.000000000000001,6.950000000000001,3.285,10.0,39.985
ema_200_candlestick,EMA 200 Trend + Candlestick Confirmation,FIXED,fixed,XRPUSDT,15m,1.0,4.0,8.19,1.02,17.0,20.75,-37.36,453.0,1.81,68.86,12.75,8.5,6.916666666666666,1.3200000000000012,10.0,39.486666666666665
MRV001_BB20_RSI14_BUY30_SL1P0_TP2P0,Generated Mean Reversion Bollinger 20 RSI 30,GENERATED,mean_reversion,SOLUSDT,15m,2.0,2.0,-22.94,0.98,-6.0,49.85,-58.72,1003.0,-2.29,41.06,12.25,0.0,16.616666666666667,0.0,10.0,38.86666666666667
MRV001_BB20_RSI14_BUY30_SL1P5_TP2P0,Generated Mean Reversion Bollinger 20 RSI 30,GENERATED,mean_reversion,SOLUSDT,15m,2.0,2.0,-22.94,0.98,-6.0,49.85,-58.72,1003.0,-2.29,40.97,12.25,0.0,16.616666666666667,0.0,10.0,38.86666666666667
PLB001_EMA20_100_RSI14_BUY40_SL1P0_TP2P0,Generated Pullback EMA 20/100 RSI 40,GENERATED,pullback,BTCUSDT,15m,1.5,4.0,-7.02,0.96,-2.5,26.99,-20.72,163.0,-4.31,32.16,12.0,0.0,8.996666666666666,9.64,8.149999999999999,38.78666666666666
TRD001_EMA20_100_RSI14_PB40_SL1P0_TP2P0,Generated Trend EMA 20/100 RSI 14,GENERATED,trend,BTCUSDT,15m,1.5,4.0,-7.02,0.96,-2.5,26.99,-20.72,163.0,-4.31,31.33,12.0,0.0,8.996666666666666,9.64,8.149999999999999,38.78666666666666
TRD001_EMA20_100_RSI14_PB40_SL1P0_TP3P0,Generated Trend EMA 20/100 RSI 14,GENERATED,trend,BTCUSDT,15m,1.5,4.0,-7.02,0.96,-2.5,26.99,-20.72,163.0,-4.31,227.84,12.0,0.0,8.996666666666666,9.64,8.149999999999999,38.78666666666666
bollinger_atr_filter,Bollinger + ATR Volatility Filter,FIXED,fixed,XRPUSDT,15m,2.5,2.0,-72.6,0.89,-110.0,52.36,-82.72,764.0,-9.5,41.12,11.125,0.0,17.453333333333333,0.0,10.0,38.57833333333333
PLB001_EMA20_200_RSI14_BUY35_SL1P0_TP2P0,Generated Pullback EMA 20/200 RSI 35,GENERATED,pullback,XRPUSDT,15m,1.5,4.0,-0.63,1.0,8.5,27.78,-36.78,306.0,-0.21,31.4,12.5,4.25,9.26,1.6100000000000003,10.0,37.62
PLB001_EMA20_200_RSI14_BUY35_SL1P0_TP3P0,Generated Pullback EMA 20/200 RSI 35,GENERATED,pullback,XRPUSDT,15m,1.5,4.0,-0.63,1.0,8.5,27.78,-36.78,306.0,-0.21,31.39,12.5,4.25,9.26,1.6100000000000003,10.0,37.62
supertrend_ema_atr,SuperTrend + EMA + ATR SL,FIXED,fixed,XRPUSDT,15m,1.0,4.0,4.77,1.01,14.0,20.6,-37.79,466.0,1.02,40.91,12.625,7.000000000000001,6.866666666666667,1.1050000000000004,10.0,37.596666666666664
HYB001_EMA20_100_RSI14_VOL1P2_SL1P5_TP3P0,Generated Hybrid EMA 20/100 RSI 14 Vol 1.2,GENERATED,hybrid,BTCUSDT,15m,2.0,3.0,-15.04,0.91,-12.0,38.36,-27.91,146.0,-10.3,40.8,11.375,0.0,12.786666666666665,6.045,7.3,37.50666666666666
PLB001_EMA20_100_RSI14_BUY35_SL1P0_TP2P0,Generated Pullback EMA 20/100 RSI 35,GENERATED,pullback,BTCUSDT,15m,1.5,4.0,-9.79,0.95,-5.5,26.67,-23.08,165.0,-5.93,30.62,11.875,0.0,8.89,8.46,8.25,37.475
PLB001_EMA20_100_RSI14_BUY35_SL1P0_TP3P0,Generated Pullback EMA 20/100 RSI 35,GENERATED,pullback,BTCUSDT,15m,1.5,4.0,-9.79,0.95,-5.5,26.67,-23.08,165.0,-5.93,31.08,11.875,0.0,8.89,8.46,8.25,37.475
bollinger_atr_filter,Bollinger + ATR Volatility Filter,FIXED,fixed,BTCUSDT,15m,2.0,2.0,-31.9,0.91,-30.0,48.22,-47.66,421.0,-7.58,40.68,11.375,0.0,16.073333333333334,0.0,10.0,37.44833333333334
PLB001_EMA20_100_RSI14_BUY35_SL1P0_TP2P0,Generated Pullback EMA 20/100 RSI 35,GENERATED,pullback,XRPUSDT,15m,1.0,4.0,-0.07,1.0,9.0,20.39,-32.92,456.0,-0.02,31.22,12.5,4.5,6.796666666666667,3.5399999999999987,10.0,37.336666666666666
PLB001_EMA20_100_RSI14_BUY35_SL1P0_TP3P0,Generated Pullback EMA 20/100 RSI 35,GENERATED,pullback,XRPUSDT,15m,1.0,4.0,-0.07,1.0,9.0,20.39,-32.92,456.0,-0.02,31.54,12.5,4.5,6.796666666666667,3.5399999999999987,10.0,37.336666666666666
BRK001_EMA50_100_ATR14_SL1P5_TP3P0,Generated Breakout EMA 50/100 ATR 14,GENERATED,breakout,XRPUSDT,15m,1.0,4.0,0.52,1.0,9.0,20.42,-33.64,426.0,0.12,40.69,12.5,4.5,6.8066666666666675,3.1800000000000006,10.0,36.986666666666665
BRK001_EMA20_100_ATR14_SL1P5_TP3P0,Generated Breakout EMA 20/100 ATR 14,GENERATED,breakout,BNBUSDT,15m,1.0,5.0,9.01,1.03,16.0,17.59,-41.56,290.0,3.11,41.62,12.875,8.0,5.863333333333333,0.0,10.0,36.73833333333333
BRK001_EMA20_100_ATR14_SL1P5_TP4P0,Generated Breakout EMA 20/100 ATR 14,GENERATED,breakout,BNBUSDT,15m,1.0,5.0,9.01,1.03,16.0,17.59,-41.56,290.0,3.11,41.35,12.875,8.0,5.863333333333333,0.0,10.0,36.73833333333333
bollinger_atr_filter,Bollinger + ATR Volatility Filter,FIXED,fixed,ETHUSDT,15m,2.5,3.0,-33.86,0.95,-24.0,44.52,-63.87,465.0,-7.28,41.14,11.875,0.0,14.840000000000002,0.0,10.0,36.715
bollinger_reversal_rsi,Bollinger Band Reversal + RSI,FIXED,fixed,ETHUSDT,15m,2.0,3.0,-10.64,0.98,2.0,40.09,-51.06,444.0,-2.4,40.59,12.25,1.0,13.363333333333333,0.0,10.0,36.61333333333333
HYB001_EMA20_100_RSI14_VOL1P2_SL1P5_TP3P0,Generated Hybrid EMA 20/100 RSI 14 Vol 1.2,GENERATED,hybrid,XRPUSDT,15m,1.5,4.0,-1.49,1.0,7.0,27.72,-38.25,285.0,-0.52,40.34,12.5,3.5000000000000004,9.239999999999998,0.8749999999999991,10.0,36.114999999999995
bollinger_reversal_rsi,Bollinger Band Reversal + RSI,FIXED,fixed,BTCUSDT,15m,1.0,2.0,-21.84,0.94,-19.0,32.24,-33.53,577.0,-3.78,41.24,11.75,0.0,10.746666666666666,3.234999999999999,10.0,35.73166666666667
supertrend_rsi,SuperTrend + RSI,FIXED,fixed,BTCUSDT,15m,1.0,2.0,-22.62,0.94,-20.0,32.18,-33.53,578.0,-3.91,40.37,11.75,0.0,10.726666666666667,3.234999999999999,10.0,35.711666666666666
PLB001_EMA20_100_RSI14_BUY35_SL1P0_TP2P0,Generated Pullback EMA 20/100 RSI 35,GENERATED,pullback,BNBUSDT,15m,1.0,5.0,6.84,1.02,14.0,17.47,-40.64,292.0,2.34,31.01,12.75,7.000000000000001,5.823333333333332,0.0,10.0,35.57333333333333
PLB001_EMA20_100_RSI14_BUY35_SL1P0_TP3P0,Generated Pullback EMA 20/100 RSI 35,GENERATED,pullback,BNBUSDT,15m,1.0,5.0,6.84,1.02,14.0,17.47,-40.64,292.0,2.34,31.32,12.75,7.000000000000001,5.823333333333332,0.0,10.0,35.57333333333333
supertrend_rsi,SuperTrend + RSI,FIXED,fixed,ETHUSDT,15m,2.0,3.0,-13.24,0.98,-1.0,39.95,-51.06,443.0,-2.99,40.61,12.25,0.0,13.316666666666668,0.0,10.0,35.56666666666667
MRV001_BB20_RSI14_BUY40_SL1P0_TP2P0,Generated Mean Reversion Bollinger 20 RSI 40,GENERATED,mean_reversion,ETHUSDT,15m,2.0,3.0,-20.54,0.97,-8.0,39.68,-52.34,504.0,-4.07,30.11,12.125,0.0,13.226666666666667,0.0,10.0,35.35166666666667
candlestick_volume,Candlestick Confirmation + Volume,FIXED,fixed,BTCUSDT,15m,1.5,2.0,-28.31,0.92,-26.0,41.34,-41.82,491.0,-5.77,191.63,11.5,0.0,13.780000000000001,0.0,10.0,35.28
MRV001_BB20_RSI14_BUY35_SL1P0_TP2P0,Generated Mean Reversion Bollinger 20 RSI 35,GENERATED,mean_reversion,BTCUSDT,15m,1.0,2.0,-22.81,0.95,-19.0,32.43,-35.69,703.0,-3.24,40.76,11.875,0.0,10.809999999999999,2.1550000000000002,10.0,34.84
MRV001_BB20_RSI14_BUY35_SL1P5_TP2P0,Generated Mean Reversion Bollinger 20 RSI 35,GENERATED,mean_reversion,BTCUSDT,15m,1.0,2.0,-22.81,0.95,-19.0,32.43,-35.69,703.0,-3.24,40.65,11.875,0.0,10.809999999999999,2.1550000000000002,10.0,34.84
HYB001_EMA20_100_RSI14_VOL1P5_SL1P5_TP3P0,Generated Hybrid EMA 20/100 RSI 14 Vol 1.5,GENERATED,hybrid,BNBUSDT,15m,1.0,5.0,5.79,1.02,12.0,17.46,-43.38,252.0,2.3,105.26,12.75,6.0,5.82,0.0,10.0,34.57
MRV001_BB20_RSI14_BUY40_SL1P0_TP2P0,Generated Mean Reversion Bollinger 20 RSI 40,GENERATED,mean_reversion,BTCUSDT,15m,1.0,2.0,-23.22,0.94,-20.0,32.32,-36.8,656.0,-3.54,30.76,11.75,0.0,10.773333333333333,1.6000000000000014,10.0,34.123333333333335
MRV001_BB20_RSI14_BUY40_SL1P0_TP2P0,Generated Mean Reversion Bollinger 20 RSI 40,GENERATED,mean_reversion,SOLUSDT,15m,1.5,3.0,-22.04,0.97,-6.0,33.18,-55.42,850.0,-2.59,30.09,12.125,0.0,11.06,0.0,10.0,33.185
bollinger_atr_filter,Bollinger + ATR Volatility Filter,FIXED,fixed,BNBUSDT,15m,1.0,2.0,-25.79,0.97,-19.0,32.76,-57.33,1099.0,-2.35,40.71,12.125,0.0,10.919999999999998,0.0,10.0,33.045
MRV001_BB20_RSI14_BUY35_SL1P0_TP2P0,Generated Mean Reversion Bollinger 20 RSI 35,GENERATED,mean_reversion,BNBUSDT,15m,1.0,2.0,-24.25,0.97,-18.0,32.73,-53.86,993.0,-2.44,40.94,12.125,0.0,10.91,0.0,10.0,33.035
MRV001_BB20_RSI14_BUY35_SL1P5_TP2P0,Generated Mean Reversion Bollinger 20 RSI 35,GENERATED,mean_reversion,BNBUSDT,15m,1.0,2.0,-24.25,0.97,-18.0,32.73,-53.86,993.0,-2.44,40.82,12.125,0.0,10.91,0.0,10.0,33.035
candlestick_volume,Candlestick Confirmation + Volume,FIXED,fixed,ETHUSDT,15m,1.5,3.0,-38.01,0.94,-33.0,32.25,-63.31,676.0,-5.62,193.07,11.75,0.0,10.75,0.0,10.0,32.5
MRV001_BB20_RSI14_BUY30_SL1P0_TP2P0,Generated Mean Reversion Bollinger 20 RSI 30,GENERATED,mean_reversion,BTCUSDT,15m,1.0,2.0,-31.72,0.92,-31.0,31.93,-42.54,736.0,-4.31,41.15,11.5,0.0,10.643333333333334,0.0,10.0,32.14333333333333
MRV001_BB20_RSI14_BUY30_SL1P5_TP2P0,Generated Mean Reversion Bollinger 20 RSI 30,GENERATED,mean_reversion,BTCUSDT,15m,1.0,2.0,-31.72,0.92,-31.0,31.93,-42.54,736.0,-4.31,41.09,11.5,0.0,10.643333333333334,0.0,10.0,32.14333333333333
macd_rsi_volume,MACD + RSI + Volume,FIXED,fixed,BNBUSDT,15m,1.0,3.0,-4.29,0.99,2.0,25.12,-42.06,430.0,-1.0,41.84,12.375,1.0,8.373333333333333,0.0,10.0,31.748333333333335
VOL001_EMA20_100_VOL1P2_SL1P0_TP2P0,Generated Volume EMA 20/100 Vol 1.2,GENERATED,volume,XRPUSDT,15m,1.5,4.0,-8.99,0.98,0.0,27.27,-48.19,319.0,-2.82,31.3,12.25,0.0,9.09,0.0,10.0,31.34
VOL001_EMA20_100_VOL1P2_SL1P0_TP3P0,Generated Volume EMA 20/100 Vol 1.2,GENERATED,volume,XRPUSDT,15m,1.5,4.0,-8.99,0.98,0.0,27.27,-48.19,319.0,-2.82,31.59,12.25,0.0,9.09,0.0,10.0,31.34
BRK001_EMA20_100_ATR14_SL1P5_TP3P0,Generated Breakout EMA 20/100 ATR 14,GENERATED,breakout,XRPUSDT,15m,1.0,4.0,-7.97,0.98,1.0,20.04,-36.91,474.0,-1.68,41.23,12.25,0.5,6.68,1.5450000000000008,10.0,30.975
BRK001_EMA20_100_ATR14_SL1P5_TP4P0,Generated Breakout EMA 20/100 ATR 14,GENERATED,breakout,XRPUSDT,15m,1.0,4.0,-7.97,0.98,1.0,20.04,-36.91,474.0,-1.68,41.02,12.25,0.5,6.68,1.5450000000000008,10.0,30.975
supertrend_rsi,SuperTrend + RSI,FIXED,fixed,BNBUSDT,15m,1.5,4.0,-20.59,0.95,-13.0,26.59,-57.8,346.0,-5.95,40.91,11.875,0.0,8.863333333333333,0.0,10.0,30.738333333333333
bollinger_reversal_rsi,Bollinger Band Reversal + RSI,FIXED,fixed,BNBUSDT,15m,1.5,4.0,-21.78,0.95,-14.5,26.51,-57.8,347.0,-6.28,40.97,11.875,0.0,8.836666666666668,0.0,10.0,30.711666666666666
MRV001_BB20_RSI14_BUY35_SL1P0_TP2P0,Generated Mean Reversion Bollinger 20 RSI 35,GENERATED,mean_reversion,ETHUSDT,15m,1.0,3.0,-21.45,0.97,-10.0,24.74,-50.55,962.0,-2.23,40.91,12.125,0.0,8.246666666666666,0.0,10.0,30.371666666666666
MRV001_BB20_RSI14_BUY35_SL1P5_TP2P0,Generated Mean Reversion Bollinger 20 RSI 35,GENERATED,mean_reversion,ETHUSDT,15m,1.0,3.0,-21.45,0.97,-10.0,24.74,-50.55,962.0,-2.23,40.63,12.125,0.0,8.246666666666666,0.0,10.0,30.371666666666666
TRD001_EMA20_100_RSI14_PB45_SL1P0_TP2P0,Generated Trend EMA 20/100 RSI 14,GENERATED,trend,XRPUSDT,15m,1.0,4.0,-9.1,0.98,-1.0,19.95,-38.17,436.0,-2.09,31.4,12.25,0.0,6.6499999999999995,0.9149999999999991,10.0,29.814999999999998
BRK001_EMA20_200_ATR14_SL1P5_TP3P0,Generated Breakout EMA 20/200 ATR 14,GENERATED,breakout,XRPUSDT,15m,1.5,5.0,-10.95,0.97,-3.0,22.88,-42.05,236.0,-4.64,40.71,12.125,0.0,7.626666666666666,0.0,10.0,29.751666666666665
BRK001_EMA20_200_ATR14_SL1P5_TP4P0,Generated Breakout EMA 20/200 ATR 14,GENERATED,breakout,XRPUSDT,15m,1.5,5.0,-10.95,0.97,-3.0,22.88,-42.05,236.0,-4.64,40.95,12.125,0.0,7.626666666666666,0.0,10.0,29.751666666666665
candlestick_volume,Candlestick Confirmation + Volume,FIXED,fixed,XRPUSDT,15m,1.0,3.0,-53.53,0.92,-62.0,23.5,-72.46,1030.0,-5.2,59.64,11.5,0.0,7.833333333333333,0.0,10.0,29.333333333333332
MRV001_BB20_RSI14_BUY30_SL1P0_TP2P0,Generated Mean Reversion Bollinger 20 RSI 30,GENERATED,mean_reversion,ETHUSDT,15m,1.0,4.0,-17.4,0.97,-4.0,19.9,-51.04,774.0,-2.25,41.44,12.125,0.0,6.633333333333333,0.0,10.0,28.758333333333333
MRV001_BB20_RSI14_BUY30_SL1P5_TP2P0,Generated Mean Reversion Bollinger 20 RSI 30,GENERATED,mean_reversion,ETHUSDT,15m,1.0,4.0,-17.4,0.97,-4.0,19.9,-51.04,774.0,-2.25,40.51,12.125,0.0,6.633333333333333,0.0,10.0,28.758333333333333
PLB001_EMA20_100_RSI14_BUY40_SL1P0_TP2P0,Generated Pullback EMA 20/100 RSI 40,GENERATED,pullback,XRPUSDT,15m,1.0,4.0,-16.45,0.96,-9.0,19.61,-40.78,464.0,-3.54,31.83,12.0,0.0,6.536666666666666,0.0,10.0,28.536666666666665
TRD001_EMA20_100_RSI14_PB40_SL1P0_TP2P0,Generated Trend EMA 20/100 RSI 14,GENERATED,trend,XRPUSDT,15m,1.0,4.0,-16.45,0.96,-9.0,19.61,-40.78,464.0,-3.54,227.59,12.0,0.0,6.536666666666666,0.0,10.0,28.536666666666665
TRD001_EMA20_100_RSI14_PB40_SL1P0_TP3P0,Generated Trend EMA 20/100 RSI 14,GENERATED,trend,XRPUSDT,15m,1.0,4.0,-16.45,0.96,-9.0,19.61,-40.78,464.0,-3.54,56.91,12.0,0.0,6.536666666666666,0.0,10.0,28.536666666666665
MRV001_BB20_RSI14_BUY40_SL1P0_TP2P0,Generated Mean Reversion Bollinger 20 RSI 40,GENERATED,mean_reversion,BNBUSDT,15m,1.0,4.0,-23.95,0.95,-17.0,19.37,-55.99,542.0,-4.42,30.0,11.875,0.0,6.456666666666667,0.0,10.0,28.331666666666667
macd_rsi_volume,MACD + RSI + Volume,FIXED,fixed,XRPUSDT,15m,1.0,4.0,-23.05,0.94,-17.0,19.29,-44.46,482.0,-4.78,41.57,11.75,0.0,6.43,0.0,10.0,28.18
bollinger_reversal_rsi,Bollinger Band Reversal + RSI,FIXED,fixed,XRPUSDT,15m,1.0,4.0,-46.32,0.91,-50.0,18.48,-62.03,660.0,-7.02,191.01,11.375,0.0,6.16,0.0,10.0,27.535
supertrend_rsi,SuperTrend + RSI,FIXED,fixed,XRPUSDT,15m,1.0,4.0,-46.32,0.91,-50.0,18.48,-62.03,660.0,-7.02,32.19,11.375,0.0,6.16,0.0,10.0,27.535
MRV001_BB20_RSI14_BUY40_SL1P0_TP2P0,Generated Mean Reversion Bollinger 20 RSI 40,GENERATED,mean_reversion,XRPUSDT,15m,1.0,4.0,-60.06,0.89,-76.0,18.23,-71.95,861.0,-6.98,30.29,11.125,0.0,6.076666666666667,0.0,10.0,27.201666666666668
MRV001_BB20_RSI14_BUY35_SL1P0_TP2P0,Generated Mean Reversion Bollinger 20 RSI 35,GENERATED,mean_reversion,XRPUSDT,15m,1.0,4.0,-63.4,0.89,-84.0,18.14,-74.29,904.0,-7.01,40.81,11.125,0.0,6.046666666666667,0.0,10.0,27.171666666666667
MRV001_BB20_RSI14_BUY35_SL1P5_TP2P0,Generated Mean Reversion Bollinger 20 RSI 35,GENERATED,mean_reversion,XRPUSDT,15m,1.0,4.0,-63.4,0.89,-84.0,18.14,-74.29,904.0,-7.01,31.35,11.125,0.0,6.046666666666667,0.0,10.0,27.171666666666667
MRV001_BB20_RSI14_BUY30_SL1P0_TP2P0,Generated Mean Reversion Bollinger 20 RSI 30,GENERATED,mean_reversion,XRPUSDT,15m,1.0,4.0,-67.39,0.88,-95.0,17.98,-76.63,940.0,-7.17,41.0,11.0,0.0,5.993333333333334,0.0,10.0,26.993333333333332
MRV001_BB20_RSI14_BUY30_SL1P5_TP2P0,Generated Mean Reversion Bollinger 20 RSI 30,GENERATED,mean_reversion,XRPUSDT,15m,1.0,4.0,-67.39,0.88,-95.0,17.98,-76.63,940.0,-7.17,40.98,11.0,0.0,5.993333333333334,0.0,10.0,26.993333333333332
